NAME	GS<br> follow link to MSigDB	GS DETAILS	SIZE	ES	NES	NOM p-val	FDR q-val	FWER p-val	RANK AT MAX	LEADING EDGE
CELL CYCLE%REACTOME%R-HSA-1640170.1	CELL CYCLE%REACTOME%R-HSA-1640170.1	Details ...	42	-0.56024605	-3.6521144	0	0	0	309	"tags=88%, list=37%, signal=133%"
MUSCLE CONTRACTION%GOBP%GO:0006936	MUSCLE CONTRACTION%GOBP%GO:0006936	Details ...	36	-0.5863041	-3.586341	0	0	0	172	"tags=67%, list=21%, signal=80%"
"CELL CYCLE, MITOTIC%REACTOME%R-HSA-69278.1"	"CELL CYCLE, MITOTIC%REACTOME%R-HSA-69278.1"	Details ...	39	-0.55030406	-3.4584658	0	0	0	309	"tags=87%, list=37%, signal=132%"
MUSCLE SYSTEM PROCESS%GOBP%GO:0003012	MUSCLE SYSTEM PROCESS%GOBP%GO:0003012	Details ...	38	-0.5393639	-3.442047	0	0	0	172	"tags=63%, list=21%, signal=76%"
HALLMARK_MYOGENESIS%MSIGDB_C2%HALLMARK_MYOGENESIS	HALLMARK_MYOGENESIS%MSIGDB_C2%HALLMARK_MYOGENESIS	Details ...	46	-0.4865013	-3.265723	0	0	0	191	"tags=59%, list=23%, signal=72%"
HALLMARK_E2F_TARGETS%MSIGDB_C2%HALLMARK_E2F_TARGETS	HALLMARK_E2F_TARGETS%MSIGDB_C2%HALLMARK_E2F_TARGETS	Details ...	27	-0.59446394	-3.1766024	0	0	0	309	"tags=93%, list=37%, signal=143%"
HEART PROCESS%GOBP%GO:0003015	HEART PROCESS%GOBP%GO:0003015	Details ...	17	-0.6960528	-3.126039	0	0	0	168	"tags=82%, list=20%, signal=101%"
HEART CONTRACTION%GOBP%GO:0060047	HEART CONTRACTION%GOBP%GO:0060047	Details ...	17	-0.6960528	-3.1116767	0	0	0	168	"tags=82%, list=20%, signal=101%"
M PHASE%REACTOME DATABASE ID RELEASE 61%68886	M PHASE%REACTOME DATABASE ID RELEASE 61%68886	Details ...	24	-0.58475786	-3.086357	0	0	0	309	"tags=92%, list=37%, signal=142%"
REGULATION OF HEART CONTRACTION%GOBP%GO:0008016	REGULATION OF HEART CONTRACTION%GOBP%GO:0008016	Details ...	26	-0.5812321	-3.0676303	0	0	0	182	"tags=73%, list=22%, signal=91%"
ACTIN-MEDIATED CELL CONTRACTION%GOBP%GO:0070252	ACTIN-MEDIATED CELL CONTRACTION%GOBP%GO:0070252	Details ...	17	-0.6630971	-3.0235124	0	0	0	134	"tags=71%, list=16%, signal=82%"
CELL CYCLE CHECKPOINTS%REACTOME%R-HSA-69620.1	CELL CYCLE CHECKPOINTS%REACTOME%R-HSA-69620.1	Details ...	26	-0.5666275	-2.9969034	0	0	0	252	"tags=81%, list=30%, signal=112%"
MUSCLE CONTRACTION%REACTOME DATABASE ID RELEASE 61%397014	MUSCLE CONTRACTION%REACTOME DATABASE ID RELEASE 61%397014	Details ...	25	-0.5629901	-2.9950523	0	0	0	149	"tags=60%, list=18%, signal=71%"
MITOTIC CELL CYCLE%GOBP%GO:0000278	MITOTIC CELL CYCLE%GOBP%GO:0000278	Details ...	49	-0.4358156	-2.9736273	0	0	0	367	"tags=86%, list=44%, signal=144%"
MITOTIC CELL CYCLE PROCESS%GOBP%GO:1903047	MITOTIC CELL CYCLE PROCESS%GOBP%GO:1903047	Details ...	47	-0.4442817	-2.9734676	0	0	0	367	"tags=87%, list=44%, signal=147%"
MITOTIC PROMETAPHASE%REACTOME DATABASE ID RELEASE 61%68877	MITOTIC PROMETAPHASE%REACTOME DATABASE ID RELEASE 61%68877	Details ...	20	-0.6087446	-2.9526155	0	0	0	309	"tags=95%, list=37%, signal=148%"
ACTIN FILAMENT-BASED MOVEMENT%GOBP%GO:0030048	ACTIN FILAMENT-BASED MOVEMENT%GOBP%GO:0030048	Details ...	17	-0.6630971	-2.9512525	0	0	0	134	"tags=71%, list=16%, signal=82%"
STRIATED MUSCLE CONTRACTION%GOBP%GO:0006941	STRIATED MUSCLE CONTRACTION%GOBP%GO:0006941	Details ...	17	-0.6517143	-2.9458892	0	0	0	168	"tags=76%, list=20%, signal=94%"
CHROMOSOME SEGREGATION%GOBP%GO:0007059	CHROMOSOME SEGREGATION%GOBP%GO:0007059	Details ...	27	-0.52839625	-2.894752	0	0	0	309	"tags=85%, list=37%, signal=131%"
NUCLEAR CHROMOSOME SEGREGATION%GOBP%GO:0098813	NUCLEAR CHROMOSOME SEGREGATION%GOBP%GO:0098813	Details ...	23	-0.5388164	-2.8249397	0	0	0	309	"tags=87%, list=37%, signal=135%"
REGULATION OF BLOOD CIRCULATION%GOBP%GO:1903522	REGULATION OF BLOOD CIRCULATION%GOBP%GO:1903522		30	-0.49168465	-2.8016655	0	3.30E-05	0.001	182	"tags=63%, list=22%, signal=78%"
SISTER CHROMATID SEGREGATION%GOBP%GO:0000819	SISTER CHROMATID SEGREGATION%GOBP%GO:0000819		23	-0.5388164	-2.7663426	0	9.45E-05	0.003	309	"tags=87%, list=37%, signal=135%"
CELL CYCLE PROCESS%GOBP%GO:0022402	CELL CYCLE PROCESS%GOBP%GO:0022402		58	-0.37193292	-2.7579222	0	9.03E-05	0.003	309	"tags=71%, list=37%, signal=105%"
RESOLUTION OF SISTER CHROMATID COHESION%REACTOME%R-HSA-2500257.1	RESOLUTION OF SISTER CHROMATID COHESION%REACTOME%R-HSA-2500257.1		17	-0.6095265	-2.753671	0	8.66E-05	0.003	265	"tags=88%, list=32%, signal=127%"
CELL CYCLE%GOBP%GO:0007049	CELL CYCLE%GOBP%GO:0007049		60	-0.370578	-2.752502	0	8.31E-05	0.003	309	"tags=70%, list=37%, signal=103%"
MITOTIC ANAPHASE%REACTOME DATABASE ID RELEASE 61%68882	MITOTIC ANAPHASE%REACTOME DATABASE ID RELEASE 61%68882		18	-0.57183826	-2.6540418	0	1.31E-04	0.005	265	"tags=83%, list=32%, signal=120%"
MITOTIC METAPHASE AND ANAPHASE%REACTOME DATABASE ID RELEASE 61%2555396	MITOTIC METAPHASE AND ANAPHASE%REACTOME DATABASE ID RELEASE 61%2555396		18	-0.57183826	-2.646284	0	1.26E-04	0.005	265	"tags=83%, list=32%, signal=120%"
SEPARATION OF SISTER CHROMATIDS%REACTOME DATABASE ID RELEASE 61%2467813	SEPARATION OF SISTER CHROMATIDS%REACTOME DATABASE ID RELEASE 61%2467813		18	-0.57183826	-2.6316984	0	1.22E-04	0.005	265	"tags=83%, list=32%, signal=120%"
SISTER CHROMATID COHESION%GOBP%GO:0007062	SISTER CHROMATID COHESION%GOBP%GO:0007062		16	-0.5978167	-2.6290777	0	1.18E-04	0.005	309	"tags=94%, list=37%, signal=146%"
MITOTIC SPINDLE CHECKPOINT%REACTOME DATABASE ID RELEASE 61%69618	MITOTIC SPINDLE CHECKPOINT%REACTOME DATABASE ID RELEASE 61%69618		17	-0.58122724	-2.5865467	0	2.51E-04	0.011	252	"tags=82%, list=30%, signal=116%"
HALLMARK_G2M_CHECKPOINT%MSIGDB_C2%HALLMARK_G2M_CHECKPOINT	HALLMARK_G2M_CHECKPOINT%MSIGDB_C2%HALLMARK_G2M_CHECKPOINT		26	-0.4828648	-2.5800664	0	2.43E-04	0.011	364	"tags=88%, list=44%, signal=152%"
REGULATION OF SYSTEM PROCESS%GOBP%GO:0044057	REGULATION OF SYSTEM PROCESS%GOBP%GO:0044057		45	-0.3580485	-2.4403446	0	6.32E-04	0.029	182	"tags=49%, list=22%, signal=59%"
BLOOD CIRCULATION%GOBP%GO:0008015	BLOOD CIRCULATION%GOBP%GO:0008015		34	-0.3943561	-2.4362104	0	6.13E-04	0.029	168	"tags=53%, list=20%, signal=64%"
CIRCULATORY SYSTEM PROCESS%GOBP%GO:0003013	CIRCULATORY SYSTEM PROCESS%GOBP%GO:0003013		34	-0.3943561	-2.4075348	0	7.54E-04	0.037	168	"tags=53%, list=20%, signal=64%"
SINGLE-ORGANISM ORGANELLE ORGANIZATION%GOBP%GO:1902589	SINGLE-ORGANISM ORGANELLE ORGANIZATION%GOBP%GO:1902589		64	-0.30729148	-2.3741848	0	0.001023413	0.05	372	"tags=73%, list=45%, signal=123%"
RHO GTPASE EFFECTORS%REACTOME DATABASE ID RELEASE 61%195258	RHO GTPASE EFFECTORS%REACTOME DATABASE ID RELEASE 61%195258		17	-0.5237075	-2.33497	0	0.001561621	0.078	183	"tags=65%, list=22%, signal=81%"
MUSCLE ORGAN DEVELOPMENT%GOBP%GO:0007517	MUSCLE ORGAN DEVELOPMENT%GOBP%GO:0007517		22	-0.45967948	-2.306761	0.00243309	0.002005847	0.098	134	"tags=50%, list=16%, signal=58%"
CHROMOSOME ORGANIZATION%GOBP%GO:0051276	CHROMOSOME ORGANIZATION%GOBP%GO:0051276		40	-0.3698106	-2.301739	0	0.002074769	0.104	247	"tags=60%, list=30%, signal=81%"
CARDIAC MUSCLE TISSUE DEVELOPMENT%GOBP%GO:0048738	CARDIAC MUSCLE TISSUE DEVELOPMENT%GOBP%GO:0048738		16	-0.52113444	-2.2927928	0	0.002214646	0.112	299	"tags=81%, list=36%, signal=124%"
SYSTEM PROCESS%GOBP%GO:0003008	SYSTEM PROCESS%GOBP%GO:0003008		78	-0.2948975	-2.2914124	0	0.002175446	0.113	261	"tags=54%, list=31%, signal=71%"
MUSCLE TISSUE DEVELOPMENT%GOBP%GO:0060537	MUSCLE TISSUE DEVELOPMENT%GOBP%GO:0060537		20	-0.46302018	-2.266204	0	0.002567672	0.136	411	"tags=95%, list=49%, signal=183%"
ACTIN FILAMENT-BASED PROCESS%GOBP%GO:0030029	ACTIN FILAMENT-BASED PROCESS%GOBP%GO:0030029		34	-0.38063398	-2.2541804	0.00243309	0.002701266	0.147	134	"tags=44%, list=16%, signal=50%"
STRIATED MUSCLE TISSUE DEVELOPMENT%GOBP%GO:0014706	STRIATED MUSCLE TISSUE DEVELOPMENT%GOBP%GO:0014706		18	-0.48011756	-2.2490852	0	0.002764257	0.153	299	"tags=78%, list=36%, signal=119%"
SIGNALING BY RHO GTPASES%REACTOME DATABASE ID RELEASE 61%194315	SIGNALING BY RHO GTPASES%REACTOME DATABASE ID RELEASE 61%194315		20	-0.4361838	-2.1591468	0.002145923	0.005589247	0.299	183	"tags=55%, list=22%, signal=69%"
ORGANELLE ASSEMBLY%GOBP%GO:0070925	ORGANELLE ASSEMBLY%GOBP%GO:0070925		26	-0.40089023	-2.146969	0	0.006055132	0.324	302	"tags=73%, list=36%, signal=111%"
REGULATION OF TRANSMEMBRANE TRANSPORTER ACTIVITY%GOBP%GO:0022898	REGULATION OF TRANSMEMBRANE TRANSPORTER ACTIVITY%GOBP%GO:0022898		15	-0.49242133	-2.1416135	0.002320186	0.006277164	0.344	168	"tags=60%, list=20%, signal=74%"
MUSCLE STRUCTURE DEVELOPMENT%GOBP%GO:0061061	MUSCLE STRUCTURE DEVELOPMENT%GOBP%GO:0061061		31	-0.37493202	-2.1402156	0.004830918	0.00627012	0.35	299	"tags=68%, list=36%, signal=102%"
HALLMARK_OXIDATIVE_PHOSPHORYLATION%MSIGDB_C2%HALLMARK_OXIDATIVE_PHOSPHORYLATION	HALLMARK_OXIDATIVE_PHOSPHORYLATION%MSIGDB_C2%HALLMARK_OXIDATIVE_PHOSPHORYLATION		18	-0.45060506	-2.085051	0.007075472	0.00914071	0.477	419	"tags=94%, list=50%, signal=186%"
REGULATION OF ION TRANSMEMBRANE TRANSPORTER ACTIVITY%GOBP%GO:0032412	REGULATION OF ION TRANSMEMBRANE TRANSPORTER ACTIVITY%GOBP%GO:0032412		15	-0.49242133	-2.0709708	0.002262444	0.009825311	0.518	168	"tags=60%, list=20%, signal=74%"
MUSCLE CELL DEVELOPMENT%GOBP%GO:0055001	MUSCLE CELL DEVELOPMENT%GOBP%GO:0055001		16	-0.45439056	-2.0427885	0.002392344	0.011505046	0.576	295	"tags=75%, list=35%, signal=114%"
MICROTUBULE CYTOSKELETON ORGANIZATION%GOBP%GO:0000226	MICROTUBULE CYTOSKELETON ORGANIZATION%GOBP%GO:0000226		18	-0.4241857	-2.026642	0.004728132	0.012586528	0.617	344	"tags=83%, list=41%, signal=139%"
NUCLEOSIDE MONOPHOSPHATE METABOLIC PROCESS%GOBP%GO:0009123	NUCLEOSIDE MONOPHOSPHATE METABOLIC PROCESS%GOBP%GO:0009123		20	-0.4146624	-2.0259972	0.006696429	0.012383846	0.618	385	"tags=85%, list=46%, signal=155%"
PURINE RIBONUCLEOSIDE MONOPHOSPHATE METABOLIC PROCESS%GOBP%GO:0009167	PURINE RIBONUCLEOSIDE MONOPHOSPHATE METABOLIC PROCESS%GOBP%GO:0009167		20	-0.4146624	-2.021295	0.007672634	0.012366082	0.627	385	"tags=85%, list=46%, signal=155%"
REGULATION OF MUSCLE CONTRACTION%GOBP%GO:0006937	REGULATION OF MUSCLE CONTRACTION%GOBP%GO:0006937		20	-0.40744692	-2.0177543	0.002320186	0.012387713	0.634	182	"tags=55%, list=22%, signal=69%"
REGULATION OF CELL CYCLE PROCESS%GOBP%GO:0010564	REGULATION OF CELL CYCLE PROCESS%GOBP%GO:0010564		27	-0.36639705	-2.0094638	0.007246377	0.01277997	0.651	367	"tags=81%, list=44%, signal=141%"
MICROTUBULE-BASED PROCESS%GOBP%GO:0007017	MICROTUBULE-BASED PROCESS%GOBP%GO:0007017		25	-0.36250776	-1.9920099	0.002475248	0.014241032	0.701	367	"tags=80%, list=44%, signal=139%"
CELLULAR MACROMOLECULAR COMPLEX ASSEMBLY%GOBP%GO:0034622	CELLULAR MACROMOLECULAR COMPLEX ASSEMBLY%GOBP%GO:0034622		35	-0.3295173	-1.9872661	0.002403846	0.014498103	0.711	419	"tags=89%, list=50%, signal=171%"
RIBONUCLEOSIDE TRIPHOSPHATE METABOLIC PROCESS%GOBP%GO:0009199	RIBONUCLEOSIDE TRIPHOSPHATE METABOLIC PROCESS%GOBP%GO:0009199		19	-0.41027573	-1.9714525	0.009090909	0.015562227	0.743	450	"tags=95%, list=54%, signal=202%"
MITOTIC CELL CYCLE PHASE TRANSITION%GOBP%GO:0044772	MITOTIC CELL CYCLE PHASE TRANSITION%GOBP%GO:0044772		23	-0.38552833	-1.9656745	0.004761905	0.0159389	0.753	331	"tags=78%, list=40%, signal=126%"
PURINE NUCLEOSIDE MONOPHOSPHATE METABOLIC PROCESS%GOBP%GO:0009126	PURINE NUCLEOSIDE MONOPHOSPHATE METABOLIC PROCESS%GOBP%GO:0009126		20	-0.4146624	-1.9644566	0.002531646	0.01579655	0.755	385	"tags=85%, list=46%, signal=155%"
RIBONUCLEOSIDE MONOPHOSPHATE METABOLIC PROCESS%GOBP%GO:0009161	RIBONUCLEOSIDE MONOPHOSPHATE METABOLIC PROCESS%GOBP%GO:0009161		20	-0.4146624	-1.964118	0.007109005	0.015559991	0.756	385	"tags=85%, list=46%, signal=155%"
REGULATION OF TRANSPORTER ACTIVITY%GOBP%GO:0032409	REGULATION OF TRANSPORTER ACTIVITY%GOBP%GO:0032409		16	-0.4548919	-1.956093	0.006681514	0.016097074	0.775	168	"tags=56%, list=20%, signal=69%"
CELL CYCLE PHASE TRANSITION%GOBP%GO:0044770	CELL CYCLE PHASE TRANSITION%GOBP%GO:0044770		23	-0.38552833	-1.9531639	0.006756757	0.016228708	0.784	331	"tags=78%, list=40%, signal=126%"
REGULATION OF CATION TRANSMEMBRANE TRANSPORT%GOBP%GO:1904062	REGULATION OF CATION TRANSMEMBRANE TRANSPORT%GOBP%GO:1904062		20	-0.40175352	-1.9400039	0.006741573	0.017345794	0.812	236	"tags=60%, list=28%, signal=82%"
PURINE RIBONUCLEOSIDE TRIPHOSPHATE METABOLIC PROCESS%GOBP%GO:0009205	PURINE RIBONUCLEOSIDE TRIPHOSPHATE METABOLIC PROCESS%GOBP%GO:0009205		19	-0.41027573	-1.9392521	0.004424779	0.01715265	0.812	450	"tags=95%, list=54%, signal=202%"
ATP METABOLIC PROCESS%GOBP%GO:0046034	ATP METABOLIC PROCESS%GOBP%GO:0046034		19	-0.41027573	-1.9375826	0.006928407	0.017069113	0.815	450	"tags=95%, list=54%, signal=202%"
MITOTIC NUCLEAR DIVISION%GOBP%GO:0140014	MITOTIC NUCLEAR DIVISION%GOBP%GO:0140014		17	-0.42519766	-1.9280821	0.011389522	0.01793711	0.831	296	"tags=76%, list=36%, signal=116%"
REGULATION OF CELL CYCLE PHASE TRANSITION%GOBP%GO:1901987	REGULATION OF CELL CYCLE PHASE TRANSITION%GOBP%GO:1901987		18	-0.41956767	-1.9280567	0.010526316	0.01767333	0.831	367	"tags=83%, list=44%, signal=146%"
ACTOMYOSIN STRUCTURE ORGANIZATION%GOBP%GO:0031032	ACTOMYOSIN STRUCTURE ORGANIZATION%GOBP%GO:0031032		15	-0.4434765	-1.9266819	0.009174312	0.017545143	0.834	120	"tags=47%, list=14%, signal=54%"
PURINE RIBONUCLEOTIDE METABOLIC PROCESS%GOBP%GO:0009150	PURINE RIBONUCLEOTIDE METABOLIC PROCESS%GOBP%GO:0009150		27	-0.34567812	-1.9011557	0.014925373	0.02036923	0.87	385	"tags=78%, list=46%, signal=140%"
RIBOSE PHOSPHATE METABOLIC PROCESS%GOBP%GO:0019693	RIBOSE PHOSPHATE METABOLIC PROCESS%GOBP%GO:0019693		27	-0.34567812	-1.8598037	0.00968523	0.025915205	0.924	385	"tags=78%, list=46%, signal=140%"
REGULATION OF MITOTIC CELL CYCLE PHASE TRANSITION%GOBP%GO:1901990	REGULATION OF MITOTIC CELL CYCLE PHASE TRANSITION%GOBP%GO:1901990		17	-0.4064912	-1.8568249	0.014705882	0.025955578	0.926	367	"tags=82%, list=44%, signal=144%"
RIBONUCLEOTIDE METABOLIC PROCESS%GOBP%GO:0009259	RIBONUCLEOTIDE METABOLIC PROCESS%GOBP%GO:0009259		27	-0.34567812	-1.847803	0.012315271	0.027014706	0.937	385	"tags=78%, list=46%, signal=140%"
HALLMARK_MITOTIC_SPINDLE%MSIGDB_C2%HALLMARK_MITOTIC_SPINDLE	HALLMARK_MITOTIC_SPINDLE%MSIGDB_C2%HALLMARK_MITOTIC_SPINDLE		15	-0.43562666	-1.8434272	0.015765766	0.027289022	0.94	230	"tags=67%, list=28%, signal=91%"
ORGANELLE LOCALIZATION%GOBP%GO:0051640	ORGANELLE LOCALIZATION%GOBP%GO:0051640		16	-0.4056944	-1.8101364	0.008988764	0.03248783	0.964	302	"tags=75%, list=36%, signal=116%"
REGULATION OF TRANSMEMBRANE TRANSPORT%GOBP%GO:0034762	REGULATION OF TRANSMEMBRANE TRANSPORT%GOBP%GO:0034762		21	-0.36609644	-1.8021163	0.011574074	0.033465855	0.969	236	"tags=57%, list=28%, signal=78%"
REGULATION OF STRIATED MUSCLE CONTRACTION%GOBP%GO:0006942	REGULATION OF STRIATED MUSCLE CONTRACTION%GOBP%GO:0006942		16	-0.4136669	-1.7911495	0.034146342	0.035162337	0.973	182	"tags=56%, list=22%, signal=71%"
DNA REPAIR%GOBP%GO:0006281	DNA REPAIR%GOBP%GO:0006281		18	-0.38288608	-1.7881607	0.020089285	0.035337683	0.973	265	"tags=67%, list=32%, signal=96%"
REGULATION OF ION TRANSMEMBRANE TRANSPORT%GOBP%GO:0034765	REGULATION OF ION TRANSMEMBRANE TRANSPORT%GOBP%GO:0034765		21	-0.36609644	-1.7795022	0.015659954	0.03671852	0.979	236	"tags=57%, list=28%, signal=78%"
HEART MORPHOGENESIS%GOBP%GO:0003007	HEART MORPHOGENESIS%GOBP%GO:0003007		18	-0.384765	-1.7761351	0.014319809	0.03694214	0.979	59	"tags=33%, list=7%, signal=35%"
TISSUE MORPHOGENESIS%GOBP%GO:0048729	TISSUE MORPHOGENESIS%GOBP%GO:0048729		27	-0.30817595	-1.7760581	0.01459854	0.036511548	0.98	59	"tags=26%, list=7%, signal=27%"
PURINE NUCLEOSIDE TRIPHOSPHATE METABOLIC PROCESS%GOBP%GO:0009144	PURINE NUCLEOSIDE TRIPHOSPHATE METABOLIC PROCESS%GOBP%GO:0009144		20	-0.35856223	-1.7451495	0.026634382	0.04272221	0.99	385	"tags=80%, list=46%, signal=145%"
NUCLEAR DIVISION%GOBP%GO:0000280	NUCLEAR DIVISION%GOBP%GO:0000280		19	-0.36811233	-1.7426251	0.024830699	0.042690743	0.99	296	"tags=74%, list=36%, signal=112%"
REGULATION OF MUSCLE SYSTEM PROCESS%GOBP%GO:0090257	REGULATION OF MUSCLE SYSTEM PROCESS%GOBP%GO:0090257		23	-0.3341773	-1.7080315	0.03373494	0.05124866	0.997	182	"tags=48%, list=22%, signal=60%"
CYTOSKELETON ORGANIZATION%GOBP%GO:0007010	CYTOSKELETON ORGANIZATION%GOBP%GO:0007010		49	-0.24369174	-1.6960682	0.01459854	0.054211486	0.998	372	"tags=69%, list=45%, signal=118%"
HEART DEVELOPMENT%GOBP%GO:0007507	HEART DEVELOPMENT%GOBP%GO:0007507		27	-0.31230953	-1.6926941	0.026894866	0.054550078	0.998	316	"tags=67%, list=38%, signal=104%"
MUSCLE CELL DIFFERENTIATION%GOBP%GO:0042692	MUSCLE CELL DIFFERENTIATION%GOBP%GO:0042692		18	-0.35789314	-1.6850958	0.01904762	0.056058154	0.998	261	"tags=61%, list=31%, signal=87%"
REGULATION OF MITOTIC CELL CYCLE%GOBP%GO:0007346	REGULATION OF MITOTIC CELL CYCLE%GOBP%GO:0007346		30	-0.2759034	-1.5902905	0.045454547	0.091374405	1	309	"tags=63%, list=37%, signal=97%"
PURINE NUCLEOTIDE METABOLIC PROCESS%GOBP%GO:0006163	PURINE NUCLEOTIDE METABOLIC PROCESS%GOBP%GO:0006163		29	-0.2695771	-1.5394256	0.050480768	0.11562322	1	385	"tags=72%, list=46%, signal=130%"
REGULATION OF ION HOMEOSTASIS%GOBP%GO:2000021	REGULATION OF ION HOMEOSTASIS%GOBP%GO:2000021		15	-0.35773912	-1.5293579	0.05299539	0.12030937	1	271	"tags=67%, list=33%, signal=97%"
ORGANELLE ORGANIZATION%GOBP%GO:0006996	ORGANELLE ORGANIZATION%GOBP%GO:0006996		117	-0.1674833	-1.5215876	0.0371517	0.12339081	1	352	"tags=57%, list=42%, signal=85%"
REGULATION OF METAL ION TRANSPORT%GOBP%GO:0010959	REGULATION OF METAL ION TRANSPORT%GOBP%GO:0010959		27	-0.27405682	-1.5036556	0.07511737	0.13303402	1	283	"tags=56%, list=34%, signal=82%"
PURINE-CONTAINING COMPOUND METABOLIC PROCESS%GOBP%GO:0072521	PURINE-CONTAINING COMPOUND METABOLIC PROCESS%GOBP%GO:0072521		30	-0.24829312	-1.4492044	0.07788945	0.16959997	1	385	"tags=70%, list=46%, signal=126%"
CELLULAR CATION HOMEOSTASIS%GOBP%GO:0030003	CELLULAR CATION HOMEOSTASIS%GOBP%GO:0030003		27	-0.25369698	-1.4384123	0.08726415	0.17603849	1	271	"tags=56%, list=33%, signal=80%"
CHROMATIN ORGANIZATION%GOBP%GO:0006325	CHROMATIN ORGANIZATION%GOBP%GO:0006325		16	-0.32219008	-1.4118806	0.10526316	0.19638069	1	237	"tags=56%, list=29%, signal=77%"
CELLULAR ION HOMEOSTASIS%GOBP%GO:0006873	CELLULAR ION HOMEOSTASIS%GOBP%GO:0006873		27	-0.25369698	-1.4018238	0.115869015	0.2031189	1	271	"tags=56%, list=33%, signal=80%"
CELLULAR PROTEIN COMPLEX ASSEMBLY%GOBP%GO:0043623	CELLULAR PROTEIN COMPLEX ASSEMBLY%GOBP%GO:0043623		23	-0.26693648	-1.3899109	0.09952607	0.21150425	1	419	"tags=87%, list=50%, signal=171%"
NUCLEOSIDE TRIPHOSPHATE METABOLIC PROCESS%GOBP%GO:0009141	NUCLEOSIDE TRIPHOSPHATE METABOLIC PROCESS%GOBP%GO:0009141		21	-0.27981523	-1.3738009	0.12975392	0.22440226	1	385	"tags=76%, list=46%, signal=138%"
ANIMAL ORGAN MORPHOGENESIS%GOBP%GO:0009887	ANIMAL ORGAN MORPHOGENESIS%GOBP%GO:0009887		44	-0.20667063	-1.3430924	0.14986376	0.25402626	1	59	"tags=18%, list=7%, signal=19%"
DNA METABOLIC PROCESS%GOBP%GO:0006259	DNA METABOLIC PROCESS%GOBP%GO:0006259		30	-0.23046029	-1.3279781	0.15421687	0.26800036	1	266	"tags=53%, list=32%, signal=76%"
CELLULAR COMPONENT BIOGENESIS%GOBP%GO:0044085	CELLULAR COMPONENT BIOGENESIS%GOBP%GO:0044085		91	-0.1557828	-1.3253857	0.12827988	0.26840085	1	273	"tags=45%, list=33%, signal=60%"
POSITIVE REGULATION OF HYDROLASE ACTIVITY%GOBP%GO:0051345	POSITIVE REGULATION OF HYDROLASE ACTIVITY%GOBP%GO:0051345		19	-0.28198662	-1.3237642	0.13953489	0.26741928	1	134	"tags=37%, list=16%, signal=43%"
CELLULAR COMPONENT ASSEMBLY%GOBP%GO:0022607	CELLULAR COMPONENT ASSEMBLY%GOBP%GO:0022607		91	-0.1557828	-1.3220236	0.13611111	0.26658353	1	273	"tags=45%, list=33%, signal=60%"
REGULATION OF CALCIUM ION TRANSPORT%GOBP%GO:0051924	REGULATION OF CALCIUM ION TRANSPORT%GOBP%GO:0051924		16	-0.30258617	-1.3192767	0.1557562	0.26745036	1	324	"tags=69%, list=39%, signal=111%"
SUPRAMOLECULAR FIBER ORGANIZATION%GOBP%GO:0097435	SUPRAMOLECULAR FIBER ORGANIZATION%GOBP%GO:0097435		27	-0.2455969	-1.3155453	0.1528822	0.2690114	1	149	"tags=33%, list=18%, signal=39%"
HALLMARK_ADIPOGENESIS%MSIGDB_C2%HALLMARK_ADIPOGENESIS	HALLMARK_ADIPOGENESIS%MSIGDB_C2%HALLMARK_ADIPOGENESIS		19	-0.2790578	-1.3084981	0.17307693	0.27442035	1	450	"tags=89%, list=54%, signal=191%"
CELLULAR CHEMICAL HOMEOSTASIS%GOBP%GO:0055082	CELLULAR CHEMICAL HOMEOSTASIS%GOBP%GO:0055082		28	-0.23004562	-1.300023	0.18341708	0.28196758	1	271	"tags=54%, list=33%, signal=77%"
POSITIVE REGULATION OF CELL CYCLE%GOBP%GO:0045787	POSITIVE REGULATION OF CELL CYCLE%GOBP%GO:0045787		17	-0.28804764	-1.2899653	0.17948718	0.29108098	1	367	"tags=76%, list=44%, signal=134%"
REGULATION OF ION TRANSPORT%GOBP%GO:0043269	REGULATION OF ION TRANSPORT%GOBP%GO:0043269		29	-0.22312292	-1.2773616	0.17011495	0.30360624	1	182	"tags=38%, list=22%, signal=47%"
ACTIN CYTOSKELETON ORGANIZATION%GOBP%GO:0030036	ACTIN CYTOSKELETON ORGANIZATION%GOBP%GO:0030036		24	-0.23544168	-1.2265943	0.20454545	0.3668614	1	120	"tags=29%, list=14%, signal=33%"
MACROMOLECULAR COMPLEX ASSEMBLY%GOBP%GO:0065003	MACROMOLECULAR COMPLEX ASSEMBLY%GOBP%GO:0065003		58	-0.16342618	-1.2182114	0.1875	0.3751824	1	273	"tags=48%, list=33%, signal=67%"
REGULATION OF CYTOSKELETON ORGANIZATION%GOBP%GO:0051493	REGULATION OF CYTOSKELETON ORGANIZATION%GOBP%GO:0051493		17	-0.26630244	-1.2093352	0.23234624	0.384707	1	93	"tags=29%, list=11%, signal=32%"
NEUROLOGICAL SYSTEM PROCESS%GOBP%GO:0050877	NEUROLOGICAL SYSTEM PROCESS%GOBP%GO:0050877		18	-0.25643536	-1.1976242	0.26352942	0.39813554	1	271	"tags=56%, list=33%, signal=81%"
CELLULAR METAL ION HOMEOSTASIS%GOBP%GO:0006875	CELLULAR METAL ION HOMEOSTASIS%GOBP%GO:0006875		25	-0.2177168	-1.1880339	0.2283105	0.4091924	1	271	"tags=52%, list=33%, signal=75%"
PROTEIN MODIFICATION BY SMALL PROTEIN CONJUGATION%GOBP%GO:0032446	PROTEIN MODIFICATION BY SMALL PROTEIN CONJUGATION%GOBP%GO:0032446		21	-0.23602378	-1.1866305	0.2337963	0.40802738	1	204	"tags=43%, list=25%, signal=55%"
CATION HOMEOSTASIS%GOBP%GO:0055080	CATION HOMEOSTASIS%GOBP%GO:0055080		30	-0.20931196	-1.1863998	0.2372449	0.40488848	1	271	"tags=50%, list=33%, signal=72%"
ORGANELLE FISSION%GOBP%GO:0048285	ORGANELLE FISSION%GOBP%GO:0048285		21	-0.24225481	-1.1740706	0.2652068	0.42006034	1	265	"tags=62%, list=32%, signal=89%"
CELLULAR HOMEOSTASIS%GOBP%GO:0019725	CELLULAR HOMEOSTASIS%GOBP%GO:0019725		30	-0.19844408	-1.1531664	0.27804878	0.44977695	1	271	"tags=50%, list=33%, signal=72%"
VESICLE-MEDIATED TRANSPORT%REACTOME%R-HSA-5653656.1	VESICLE-MEDIATED TRANSPORT%REACTOME%R-HSA-5653656.1		17	-0.25639585	-1.1453223	0.28699553	0.45833883	1	133	"tags=35%, list=16%, signal=41%"
CELL DEVELOPMENT%GOBP%GO:0048468	CELL DEVELOPMENT%GOBP%GO:0048468		48	-0.16952388	-1.1346785	0.27823693	0.47184655	1	121	"tags=23%, list=15%, signal=25%"
INORGANIC ION HOMEOSTASIS%GOBP%GO:0098771	INORGANIC ION HOMEOSTASIS%GOBP%GO:0098771		31	-0.19428404	-1.1335018	0.28710464	0.46988487	1	271	"tags=48%, list=33%, signal=69%"
REGULATION OF CELL GROWTH%GOBP%GO:0001558	REGULATION OF CELL GROWTH%GOBP%GO:0001558		16	-0.2509286	-1.1317823	0.28764045	0.46874136	1	87	"tags=25%, list=10%, signal=27%"
REGULATION OF ORGANELLE ORGANIZATION%GOBP%GO:0033043	REGULATION OF ORGANELLE ORGANIZATION%GOBP%GO:0033043		43	-0.17238751	-1.1310879	0.29736212	0.46600804	1	304	"tags=51%, list=37%, signal=77%"
CELLULAR COMPONENT MORPHOGENESIS%GOBP%GO:0032989	CELLULAR COMPONENT MORPHOGENESIS%GOBP%GO:0032989		25	-0.20927133	-1.1291912	0.2958435	0.46529773	1	61	"tags=20%, list=7%, signal=21%"
MACROMOLECULAR COMPLEX SUBUNIT ORGANIZATION%GOBP%GO:0043933	MACROMOLECULAR COMPLEX SUBUNIT ORGANIZATION%GOBP%GO:0043933		67	-0.14289938	-1.1134613	0.3137255	0.4875739	1	273	"tags=46%, list=33%, signal=63%"
GENERATION OF PRECURSOR METABOLITES AND ENERGY%GOBP%GO:0006091	GENERATION OF PRECURSOR METABOLITES AND ENERGY%GOBP%GO:0006091		23	-0.21075365	-1.1000239	0.33254156	0.5057357	1	419	"tags=74%, list=50%, signal=145%"
CIRCULATORY SYSTEM DEVELOPMENT%GOBP%GO:0072359	CIRCULATORY SYSTEM DEVELOPMENT%GOBP%GO:0072359		43	-0.16354913	-1.0966324	0.33418366	0.5076294	1	59	"tags=16%, list=7%, signal=17%"
ION TRANSPORT%GOBP%GO:0006811	ION TRANSPORT%GOBP%GO:0006811		45	-0.16527347	-1.0831654	0.35549873	0.5268074	1	194	"tags=33%, list=23%, signal=41%"
ION HOMEOSTASIS%GOBP%GO:0050801	ION HOMEOSTASIS%GOBP%GO:0050801		35	-0.18176346	-1.0828542	0.33756346	0.5232972	1	120	"tags=26%, list=14%, signal=29%"
NEGATIVE REGULATION OF CELL CYCLE%GOBP%GO:0045786	NEGATIVE REGULATION OF CELL CYCLE%GOBP%GO:0045786		25	-0.19076887	-1.0355552	0.36754176	0.6035549	1	204	"tags=40%, list=25%, signal=51%"
CELLULAR DIVALENT INORGANIC CATION HOMEOSTASIS%GOBP%GO:0072503	CELLULAR DIVALENT INORGANIC CATION HOMEOSTASIS%GOBP%GO:0072503		23	-0.203815	-1.0337473	0.39454094	0.6022126	1	271	"tags=52%, list=33%, signal=75%"
METAL ION HOMEOSTASIS%GOBP%GO:0055065	METAL ION HOMEOSTASIS%GOBP%GO:0055065		27	-0.19075933	-1.0332639	0.4064665	0.59851146	1	168	"tags=33%, list=20%, signal=40%"
TISSUE DEVELOPMENT%GOBP%GO:0009888	TISSUE DEVELOPMENT%GOBP%GO:0009888		69	-0.12972158	-1.0216043	0.44352618	0.6150395	1	638	"tags=91%, list=77%, signal=360%"
NEGATIVE REGULATION OF TRANSFERASE ACTIVITY%GOBP%GO:0051348	NEGATIVE REGULATION OF TRANSFERASE ACTIVITY%GOBP%GO:0051348		21	-0.20346178	-1.0154402	0.4172662	0.621603	1	587	"tags=95%, list=71%, signal=316%"
REGULATION OF GROWTH%GOBP%GO:0040008	REGULATION OF GROWTH%GOBP%GO:0040008		19	-0.2042103	-1.004457	0.4376417	0.63731855	1	36	"tags=16%, list=4%, signal=16%"
DIVALENT INORGANIC CATION HOMEOSTASIS%GOBP%GO:0072507	DIVALENT INORGANIC CATION HOMEOSTASIS%GOBP%GO:0072507		24	-0.18768261	-0.99100834	0.4741573	0.6580512	1	271	"tags=50%, list=33%, signal=72%"
ESTABLISHMENT OF LOCALIZATION IN CELL%GOBP%GO:0051649	ESTABLISHMENT OF LOCALIZATION IN CELL%GOBP%GO:0051649		42	-0.1474731	-0.98170763	0.4816754	0.6710219	1	156	"tags=29%, list=19%, signal=33%"
UBIQUITIN-DEPENDENT PROTEIN CATABOLIC PROCESS%GOBP%GO:0006511	UBIQUITIN-DEPENDENT PROTEIN CATABOLIC PROCESS%GOBP%GO:0006511		19	-0.20768166	-0.97874707	0.46620047	0.67148185	1	538	"tags=89%, list=65%, signal=248%"
ENERGY DERIVATION BY OXIDATION OF ORGANIC COMPOUNDS%GOBP%GO:0015980	ENERGY DERIVATION BY OXIDATION OF ORGANIC COMPOUNDS%GOBP%GO:0015980		18	-0.21349674	-0.9785056	0.44779584	0.66709995	1	419	"tags=78%, list=50%, signal=153%"
REGULATION OF CELL CYCLE%GOBP%GO:0051726	REGULATION OF CELL CYCLE%GOBP%GO:0051726		55	-0.13554381	-0.9617754	0.5518987	0.693629	1	209	"tags=36%, list=25%, signal=45%"
PROTEIN UBIQUITINATION%GOBP%GO:0016567	PROTEIN UBIQUITINATION%GOBP%GO:0016567		18	-0.20519882	-0.9589538	0.48931116	0.69400144	1	204	"tags=39%, list=25%, signal=50%"
MODIFICATION-DEPENDENT MACROMOLECULE CATABOLIC PROCESS%GOBP%GO:0043632	MODIFICATION-DEPENDENT MACROMOLECULE CATABOLIC PROCESS%GOBP%GO:0043632		19	-0.20768166	-0.958646	0.51369864	0.6897082	1	538	"tags=89%, list=65%, signal=248%"
MODIFICATION-DEPENDENT PROTEIN CATABOLIC PROCESS%GOBP%GO:0019941	MODIFICATION-DEPENDENT PROTEIN CATABOLIC PROCESS%GOBP%GO:0019941		19	-0.20768166	-0.9576817	0.47816092	0.68668735	1	538	"tags=89%, list=65%, signal=248%"
ANION TRANSPORT%GOBP%GO:0006820	ANION TRANSPORT%GOBP%GO:0006820		18	-0.20559026	-0.95413667	0.51501155	0.688539	1	194	"tags=39%, list=23%, signal=50%"
SULFUR COMPOUND METABOLIC PROCESS%GOBP%GO:0006790	SULFUR COMPOUND METABOLIC PROCESS%GOBP%GO:0006790		16	-0.20968914	-0.93894404	0.5217391	0.71212006	1	424	"tags=75%, list=51%, signal=150%"
CELL PROJECTION ORGANIZATION%GOBP%GO:0030030	CELL PROJECTION ORGANIZATION%GOBP%GO:0030030		22	-0.18376935	-0.9387732	0.5276382	0.7075388	1	458	"tags=77%, list=55%, signal=168%"
REGULATION OF CHROMOSOME ORGANIZATION%GOBP%GO:0033044	REGULATION OF CHROMOSOME ORGANIZATION%GOBP%GO:0033044		15	-0.21707356	-0.92562383	0.5259434	0.72655565	1	304	"tags=60%, list=37%, signal=93%"
PLASMA MEMBRANE BOUNDED CELL PROJECTION ORGANIZATION%GOBP%GO:0120036	PLASMA MEMBRANE BOUNDED CELL PROJECTION ORGANIZATION%GOBP%GO:0120036		22	-0.18376935	-0.9176121	0.55581397	0.73631006	1	458	"tags=77%, list=55%, signal=168%"
NUCLEOBASE-CONTAINING SMALL MOLECULE METABOLIC PROCESS%GOBP%GO:0055086	NUCLEOBASE-CONTAINING SMALL MOLECULE METABOLIC PROCESS%GOBP%GO:0055086		40	-0.14209853	-0.9113081	0.5777778	0.74255335	1	398	"tags=65%, list=48%, signal=119%"
HALLMARK_APICAL_JUNCTION%MSIGDB_C2%HALLMARK_APICAL_JUNCTION	HALLMARK_APICAL_JUNCTION%MSIGDB_C2%HALLMARK_APICAL_JUNCTION		17	-0.1977887	-0.90317327	0.53968257	0.7526095	1	671	"tags=100%, list=81%, signal=509%"
CELLULAR CATABOLIC PROCESS%GOBP%GO:0044248	CELLULAR CATABOLIC PROCESS%GOBP%GO:0044248		50	-0.12913802	-0.8936339	0.5786925	0.7644864	1	176	"tags=28%, list=21%, signal=33%"
OXIDATION-REDUCTION PROCESS%GOBP%GO:0055114	OXIDATION-REDUCTION PROCESS%GOBP%GO:0055114		31	-0.15127559	-0.88072765	0.60401005	0.78283155	1	419	"tags=68%, list=50%, signal=132%"
CATABOLIC PROCESS%GOBP%GO:0009056	CATABOLIC PROCESS%GOBP%GO:0009056		57	-0.12233122	-0.87889147	0.64467007	0.7811396	1	176	"tags=26%, list=21%, signal=31%"
CELLULAR LOCALIZATION%GOBP%GO:0051641	CELLULAR LOCALIZATION%GOBP%GO:0051641		58	-0.11847026	-0.8656986	0.6545454	0.79913646	1	156	"tags=26%, list=19%, signal=30%"
CELLULAR CALCIUM ION HOMEOSTASIS%GOBP%GO:0006874	CELLULAR CALCIUM ION HOMEOSTASIS%GOBP%GO:0006874		22	-0.17250584	-0.8615794	0.62676054	0.8014398	1	271	"tags=50%, list=33%, signal=72%"
CELLULAR COMPONENT ORGANIZATION%GOBP%GO:0016043	CELLULAR COMPONENT ORGANIZATION%GOBP%GO:0016043		192	-0.082624376	-0.8612306	0.72136223	0.7969319	1	183	"tags=26%, list=22%, signal=25%"
ION TRANSMEMBRANE TRANSPORT%GOBP%GO:0034220	ION TRANSMEMBRANE TRANSPORT%GOBP%GO:0034220		25	-0.16077508	-0.85923105	0.63793105	0.79507893	1	260	"tags=40%, list=31%, signal=56%"
NUCLEOTIDE METABOLIC PROCESS%GOBP%GO:0009117	NUCLEOTIDE METABOLIC PROCESS%GOBP%GO:0009117		36	-0.13924955	-0.8590237	0.62383175	0.79042906	1	385	"tags=64%, list=46%, signal=114%"
ANIMAL ORGAN DEVELOPMENT%GOBP%GO:0048513	ANIMAL ORGAN DEVELOPMENT%GOBP%GO:0048513		99	-0.09748179	-0.85712093	0.67159766	0.7887246	1	59	"tags=11%, list=7%, signal=11%"
NUCLEOSIDE PHOSPHATE METABOLIC PROCESS%GOBP%GO:0006753	NUCLEOSIDE PHOSPHATE METABOLIC PROCESS%GOBP%GO:0006753		36	-0.13924955	-0.8559807	0.6574307	0.7856406	1	385	"tags=64%, list=46%, signal=114%"
CELLULAR COMPONENT ORGANIZATION OR BIOGENESIS%GOBP%GO:0071840	CELLULAR COMPONENT ORGANIZATION OR BIOGENESIS%GOBP%GO:0071840		192	-0.082624376	-0.84734327	0.7245283	0.79496574	1	183	"tags=26%, list=22%, signal=25%"
REGULATION OF CYTOSOLIC CALCIUM ION CONCENTRATION%GOBP%GO:0051480	REGULATION OF CYTOSOLIC CALCIUM ION CONCENTRATION%GOBP%GO:0051480		15	-0.19549574	-0.84427047	0.64235294	0.7952406	1	333	"tags=60%, list=40%, signal=98%"
POSITIVE REGULATION OF ORGANELLE ORGANIZATION%GOBP%GO:0010638	POSITIVE REGULATION OF ORGANELLE ORGANIZATION%GOBP%GO:0010638		22	-0.1624325	-0.8354627	0.6651054	0.8048376	1	302	"tags=55%, list=36%, signal=83%"
TRANSMEMBRANE TRANSPORT%GOBP%GO:0055085	TRANSMEMBRANE TRANSPORT%GOBP%GO:0055085		29	-0.1457718	-0.82441205	0.6905941	0.8180106	1	92	"tags=17%, list=11%, signal=19%"
REGULATION OF CELLULAR COMPONENT ORGANIZATION%GOBP%GO:0051128	REGULATION OF CELLULAR COMPONENT ORGANIZATION%GOBP%GO:0051128		92	-0.09591262	-0.81982094	0.7325228	0.8204174	1	73	"tags=13%, list=9%, signal=13%"
SINGLE-ORGANISM CATABOLIC PROCESS%GOBP%GO:0044712	SINGLE-ORGANISM CATABOLIC PROCESS%GOBP%GO:0044712		28	-0.14282513	-0.80599684	0.70689654	0.83732903	1	153	"tags=25%, list=18%, signal=30%"
CALCIUM ION HOMEOSTASIS%GOBP%GO:0055074	CALCIUM ION HOMEOSTASIS%GOBP%GO:0055074		23	-0.15637283	-0.7933642	0.71631205	0.852214	1	271	"tags=48%, list=33%, signal=69%"
REGULATION OF NERVOUS SYSTEM DEVELOPMENT%GOBP%GO:0051960	REGULATION OF NERVOUS SYSTEM DEVELOPMENT%GOBP%GO:0051960		18	-0.16507626	-0.7930345	0.7285068	0.8476452	1	530	"tags=83%, list=64%, signal=225%"
PROTEASOMAL PROTEIN CATABOLIC PROCESS%GOBP%GO:0010498	PROTEASOMAL PROTEIN CATABOLIC PROCESS%GOBP%GO:0010498		15	-0.18611735	-0.7928898	0.7282851	0.84288746	1	367	"tags=60%, list=44%, signal=106%"
SLC-MEDIATED TRANSMEMBRANE TRANSPORT%REACTOME%R-HSA-425407.1	SLC-MEDIATED TRANSMEMBRANE TRANSPORT%REACTOME%R-HSA-425407.1		17	-0.17690417	-0.78624827	0.7182448	0.8478308	1	688	"tags=100%, list=83%, signal=569%"
PROTEIN CATABOLIC PROCESS%GOBP%GO:0030163	PROTEIN CATABOLIC PROCESS%GOBP%GO:0030163		24	-0.14708139	-0.78252876	0.72813237	0.84827834	1	538	"tags=83%, list=65%, signal=230%"
ANATOMICAL STRUCTURE FORMATION INVOLVED IN MORPHOGENESIS%GOBP%GO:0048646	ANATOMICAL STRUCTURE FORMATION INVOLVED IN MORPHOGENESIS%GOBP%GO:0048646		39	-0.12261505	-0.77500886	0.7807229	0.85437965	1	61	"tags=13%, list=7%, signal=13%"
ANATOMICAL STRUCTURE MORPHOGENESIS%GOBP%GO:0009653	ANATOMICAL STRUCTURE MORPHOGENESIS%GOBP%GO:0009653		81	-0.09342733	-0.7747485	0.7827298	0.8498135	1	61	"tags=11%, list=7%, signal=11%"
POSITIVE REGULATION OF CELLULAR COMPONENT BIOGENESIS%GOBP%GO:0044089	POSITIVE REGULATION OF CELLULAR COMPONENT BIOGENESIS%GOBP%GO:0044089		20	-0.1578132	-0.7733917	0.72422063	0.8470063	1	166	"tags=30%, list=20%, signal=37%"
CATION TRANSPORT%GOBP%GO:0006812	CATION TRANSPORT%GOBP%GO:0006812		21	-0.15214927	-0.77302456	0.77068555	0.84267724	1	662	"tags=95%, list=80%, signal=456%"
TRANSPORT OF SMALL MOLECULES%REACTOME DATABASE ID RELEASE 61%382551	TRANSPORT OF SMALL MOLECULES%REACTOME DATABASE ID RELEASE 61%382551		40	-0.11800868	-0.7540107	0.78061223	0.8644671	1	688	"tags=98%, list=83%, signal=539%"
ORGANIC SUBSTANCE CATABOLIC PROCESS%GOBP%GO:1901575	ORGANIC SUBSTANCE CATABOLIC PROCESS%GOBP%GO:1901575		53	-0.10089055	-0.7305372	0.8280423	0.8910001	1	204	"tags=28%, list=25%, signal=35%"
ORGANONITROGEN COMPOUND CATABOLIC PROCESS%GOBP%GO:1901565	ORGANONITROGEN COMPOUND CATABOLIC PROCESS%GOBP%GO:1901565		39	-0.1107471	-0.7155568	0.8345499	0.9050779	1	367	"tags=54%, list=44%, signal=92%"
SINGLE-ORGANISM CELLULAR LOCALIZATION%GOBP%GO:1902580	SINGLE-ORGANISM CELLULAR LOCALIZATION%GOBP%GO:1902580		22	-0.14209735	-0.71513706	0.8017621	0.90064365	1	579	"tags=86%, list=70%, signal=277%"
NEGATIVE REGULATION OF PROTEIN KINASE ACTIVITY%GOBP%GO:0006469	NEGATIVE REGULATION OF PROTEIN KINASE ACTIVITY%GOBP%GO:0006469		15	-0.16408585	-0.7071643	0.85365856	0.905278	1	587	"tags=93%, list=71%, signal=312%"
CLASS I MHC MEDIATED ANTIGEN PROCESSING & PRESENTATION%REACTOME%R-HSA-983169.3	CLASS I MHC MEDIATED ANTIGEN PROCESSING & PRESENTATION%REACTOME%R-HSA-983169.3		18	-0.1485177	-0.7041341	0.82494	0.90373087	1	80	"tags=17%, list=10%, signal=18%"
CELLULAR PROTEIN CATABOLIC PROCESS%GOBP%GO:0044257	CELLULAR PROTEIN CATABOLIC PROCESS%GOBP%GO:0044257		23	-0.13332047	-0.6938027	0.8668224	0.9108469	1	538	"tags=83%, list=65%, signal=228%"
NEGATIVE REGULATION OF KINASE ACTIVITY%GOBP%GO:0033673	NEGATIVE REGULATION OF KINASE ACTIVITY%GOBP%GO:0033673		15	-0.16408585	-0.69362295	0.86031044	0.90610236	1	587	"tags=93%, list=71%, signal=312%"
REGULATION OF PROTEIN COMPLEX ASSEMBLY%GOBP%GO:0043254	REGULATION OF PROTEIN COMPLEX ASSEMBLY%GOBP%GO:0043254		18	-0.14268142	-0.6644911	0.8798186	0.9320342	1	716	"tags=100%, list=86%, signal=707%"
METAL ION TRANSPORT%GOBP%GO:0030001	METAL ION TRANSPORT%GOBP%GO:0030001		17	-0.14619164	-0.6558799	0.9067599	0.93530834	1	713	"tags=100%, list=86%, signal=690%"
NEURONAL SYSTEM%REACTOME%R-HSA-112316.5	NEURONAL SYSTEM%REACTOME%R-HSA-112316.5		16	-0.14601228	-0.63899076	0.92111367	0.9460523	1	713	"tags=100%, list=86%, signal=691%"
PROTEOLYSIS INVOLVED IN CELLULAR PROTEIN CATABOLIC PROCESS%GOBP%GO:0051603	PROTEOLYSIS INVOLVED IN CELLULAR PROTEIN CATABOLIC PROCESS%GOBP%GO:0051603		22	-0.1248806	-0.62683266	0.88990825	0.95157677	1	538	"tags=82%, list=65%, signal=226%"
REGULATION OF NEUROGENESIS%GOBP%GO:0050767	REGULATION OF NEUROGENESIS%GOBP%GO:0050767		16	-0.1426873	-0.6225581	0.9262473	0.94993854	1	530	"tags=81%, list=64%, signal=220%"
NEURON DEVELOPMENT%GOBP%GO:0048666	NEURON DEVELOPMENT%GOBP%GO:0048666		16	-0.14120713	-0.6170181	0.9230769	0.9491243	1	488	"tags=75%, list=59%, signal=178%"
POST-TRANSLATIONAL PROTEIN MODIFICATION%GOBP%GO:0043687	POST-TRANSLATIONAL PROTEIN MODIFICATION%GOBP%GO:0043687		17	-0.12101474	-0.5506199	0.95804197	0.9865091	1	612	"tags=88%, list=74%, signal=328%"
NERVOUS SYSTEM DEVELOPMENT%GOBP%GO:0007399	NERVOUS SYSTEM DEVELOPMENT%GOBP%GO:0007399		58	-0.07029593	-0.526512	0.9697802	0.99194056	1	36	"tags=7%, list=4%, signal=7%"
REGULATION OF CELL DEVELOPMENT%GOBP%GO:0060284	REGULATION OF CELL DEVELOPMENT%GOBP%GO:0060284		18	-0.11103831	-0.5105417	0.9834906	0.9923501	1	280	"tags=44%, list=34%, signal=66%"
NEUROGENESIS%GOBP%GO:0022008	NEUROGENESIS%GOBP%GO:0022008		36	-0.076719455	-0.48343557	0.9915493	0.994465	1	339	"tags=47%, list=41%, signal=76%"
GENERATION OF NEURONS%GOBP%GO:0048699	GENERATION OF NEURONS%GOBP%GO:0048699		34	-0.0783431	-0.47527745	0.9859485	0.9911194	1	339	"tags=47%, list=41%, signal=76%"