NAME	GS<br> follow link to MSigDB	GS DETAILS	SIZE	ES	NES	NOM p-val	FDR q-val	FWER p-val	RANK AT MAX	LEADING EDGE	
DEFENSE RESPONSE%GOBP%GO:0006952	DEFENSE RESPONSE%GOBP%GO:0006952	Details ...	76	0.5994537	4.323445	0.0	0.0	0.0	294	tags=87%, list=35%, signal=122%	
HALLMARK_TNFA_SIGNALING_VIA_NFKB%MSIGDB_C2%HALLMARK_TNFA_SIGNALING_VIA_NFKB	HALLMARK_TNFA_SIGNALING_VIA_NFKB%MSIGDB_C2%HALLMARK_TNFA_SIGNALING_VIA_NFKB	Details ...	77	0.5780024	4.2169585	0.0	0.0	0.0	311	tags=87%, list=37%, signal=126%	
RESPONSE TO CYTOKINE%GOBP%GO:0034097	RESPONSE TO CYTOKINE%GOBP%GO:0034097	Details ...	64	0.5932816	4.089379	0.0	0.0	0.0	283	tags=83%, list=34%, signal=116%	
IMMUNE SYSTEM PROCESS%GOBP%GO:0002376	IMMUNE SYSTEM PROCESS%GOBP%GO:0002376	Details ...	123	0.48686644	4.036012	0.0	0.0	0.0	305	tags=73%, list=37%, signal=98%	
RESPONSE TO STRESS%GOBP%GO:0006950	RESPONSE TO STRESS%GOBP%GO:0006950	Details ...	165	0.45012772	4.0028467	0.0	0.0	0.0	295	tags=67%, list=35%, signal=83%	
CYTOKINE-MEDIATED SIGNALING PATHWAY%GOBP%GO:0019221	CYTOKINE-MEDIATED SIGNALING PATHWAY%GOBP%GO:0019221	Details ...	51	0.61293864	3.9179204	0.0	0.0	0.0	283	tags=86%, list=34%, signal=123%	
CELLULAR RESPONSE TO CYTOKINE STIMULUS%GOBP%GO:0071345	CELLULAR RESPONSE TO CYTOKINE STIMULUS%GOBP%GO:0071345	Details ...	58	0.59125984	3.9017622	0.0	0.0	0.0	283	tags=83%, list=34%, signal=117%	
RESPONSE TO OTHER ORGANISM%GOBP%GO:0051707	RESPONSE TO OTHER ORGANISM%GOBP%GO:0051707	Details ...	60	0.5779075	3.8761191	0.0	0.0	0.0	218	tags=72%, list=26%, signal=90%	
RESPONSE TO BIOTIC STIMULUS%GOBP%GO:0009607	RESPONSE TO BIOTIC STIMULUS%GOBP%GO:0009607	Details ...	60	0.5779075	3.8710258	0.0	0.0	0.0	218	tags=72%, list=26%, signal=90%	
IMMUNE RESPONSE%GOBP%GO:0006955	IMMUNE RESPONSE%GOBP%GO:0006955	Details ...	90	0.50957465	3.8595557	0.0	0.0	0.0	294	tags=76%, list=35%, signal=104%	
CYTOKINE SIGNALING IN IMMUNE SYSTEM%REACTOME%R-HSA-1280215.2	CYTOKINE SIGNALING IN IMMUNE SYSTEM%REACTOME%R-HSA-1280215.2	Details ...	88	0.51182073	3.8543236	0.0	0.0	0.0	315	tags=77%, list=38%, signal=111%	
CELLULAR RESPONSE TO CHEMICAL STIMULUS%GOBP%GO:0070887	CELLULAR RESPONSE TO CHEMICAL STIMULUS%GOBP%GO:0070887	Details ...	135	0.4519174	3.841091	0.0	0.0	0.0	287	tags=65%, list=35%, signal=83%	
CELL SURFACE RECEPTOR SIGNALING PATHWAY%GOBP%GO:0007166	CELL SURFACE RECEPTOR SIGNALING PATHWAY%GOBP%GO:0007166	Details ...	112	0.47572154	3.8407788	0.0	0.0	0.0	304	tags=71%, list=37%, signal=97%	
RESPONSE TO EXTERNAL BIOTIC STIMULUS%GOBP%GO:0043207	RESPONSE TO EXTERNAL BIOTIC STIMULUS%GOBP%GO:0043207	Details ...	60	0.5779075	3.7924352	0.0	0.0	0.0	218	tags=72%, list=26%, signal=90%	
HALLMARK_INTERFERON_GAMMA_RESPONSE%MSIGDB_C2%HALLMARK_INTERFERON_GAMMA_RESPONSE	HALLMARK_INTERFERON_GAMMA_RESPONSE%MSIGDB_C2%HALLMARK_INTERFERON_GAMMA_RESPONSE	Details ...	49	0.61477643	3.783503	0.0	0.0	0.0	161	tags=67%, list=19%, signal=79%	
RESPONSE TO VIRUS%GOBP%GO:0009615	RESPONSE TO VIRUS%GOBP%GO:0009615	Details ...	33	0.6906489	3.7821476	0.0	0.0	0.0	153	tags=76%, list=18%, signal=89%	
RESPONSE TO CHEMICAL%GOBP%GO:0042221	RESPONSE TO CHEMICAL%GOBP%GO:0042221	Details ...	161	0.43724155	3.7611406	0.0	0.0	0.0	287	tags=64%, list=35%, signal=79%	
INNATE IMMUNE RESPONSE%GOBP%GO:0045087	INNATE IMMUNE RESPONSE%GOBP%GO:0045087	Details ...	46	0.6233608	3.7303576	0.0	0.0	0.0	161	tags=67%, list=19%, signal=79%	
CELLULAR RESPONSE TO ORGANIC SUBSTANCE%GOBP%GO:0071310	CELLULAR RESPONSE TO ORGANIC SUBSTANCE%GOBP%GO:0071310	Details ...	116	0.4667142	3.7136283	0.0	0.0	0.0	287	tags=67%, list=35%, signal=88%	
RESPONSE TO EXTERNAL STIMULUS%GOBP%GO:0009605	RESPONSE TO EXTERNAL STIMULUS%GOBP%GO:0009605	Details ...	90	0.49077535	3.7104464	0.0	0.0	0.0	287	tags=72%, list=35%, signal=98%	
RESPONSE TO ORGANIC SUBSTANCE%GOBP%GO:0010033	RESPONSE TO ORGANIC SUBSTANCE%GOBP%GO:0010033		132	0.4593393	3.6986911	0.0	0.0	0.0	287	tags=67%, list=35%, signal=86%	
IMMUNE SYSTEM%REACTOME%R-HSA-168256.5	IMMUNE SYSTEM%REACTOME%R-HSA-168256.5		136	0.44003066	3.6631014	0.0	0.0	0.0	374	tags=79%, list=45%, signal=120%	
MULTI-ORGANISM PROCESS%GOBP%GO:0051704	MULTI-ORGANISM PROCESS%GOBP%GO:0051704		80	0.4996398	3.6377494	0.0	0.0	0.0	278	tags=74%, list=33%, signal=100%	
HALLMARK_INTERFERON_ALPHA_RESPONSE%MSIGDB_C2%HALLMARK_INTERFERON_ALPHA_RESPONSE	HALLMARK_INTERFERON_ALPHA_RESPONSE%MSIGDB_C2%HALLMARK_INTERFERON_ALPHA_RESPONSE		29	0.6969496	3.6339858	0.0	0.0	0.0	101	tags=69%, list=12%, signal=76%	
REGULATION OF IMMUNE SYSTEM PROCESS%GOBP%GO:0002682	REGULATION OF IMMUNE SYSTEM PROCESS%GOBP%GO:0002682		73	0.5128533	3.5765002	0.0	0.0	0.0	302	tags=79%, list=36%, signal=114%	
POSITIVE REGULATION OF RNA METABOLIC PROCESS%GOBP%GO:0051254	POSITIVE REGULATION OF RNA METABOLIC PROCESS%GOBP%GO:0051254		70	0.50584215	3.5684633	0.0	0.0	0.0	314	tags=80%, list=38%, signal=118%	
INTERFERON ALPHA BETA SIGNALING%REACTOME%R-HSA-909733.2	INTERFERON ALPHA BETA SIGNALING%REACTOME%R-HSA-909733.2		22	0.7629451	3.530325	0.0	0.0	0.0	126	tags=82%, list=15%, signal=94%	
POSITIVE REGULATION OF RESPONSE TO STIMULUS%GOBP%GO:0048584	POSITIVE REGULATION OF RESPONSE TO STIMULUS%GOBP%GO:0048584		97	0.4468749	3.5207162	0.0	0.0	0.0	310	tags=71%, list=37%, signal=100%	
POSITIVE REGULATION OF NUCLEIC ACID-TEMPLATED TRANSCRIPTION%GOBP%GO:1903508	POSITIVE REGULATION OF NUCLEIC ACID-TEMPLATED TRANSCRIPTION%GOBP%GO:1903508		69	0.5029806	3.5168533	0.0	0.0	0.0	314	tags=80%, list=38%, signal=117%	
POSITIVE REGULATION OF TRANSCRIPTION, DNA-TEMPLATED%GOBP%GO:0045893	POSITIVE REGULATION OF TRANSCRIPTION, DNA-TEMPLATED%GOBP%GO:0045893		69	0.5029806	3.5098078	0.0	0.0	0.0	314	tags=80%, list=38%, signal=117%	
POSITIVE REGULATION OF RNA BIOSYNTHETIC PROCESS%GOBP%GO:1902680	POSITIVE REGULATION OF RNA BIOSYNTHETIC PROCESS%GOBP%GO:1902680		69	0.5029806	3.482959	0.0	0.0	0.0	314	tags=80%, list=38%, signal=117%	
INTERFERON SIGNALING%REACTOME DATABASE ID RELEASE 61%913531	INTERFERON SIGNALING%REACTOME DATABASE ID RELEASE 61%913531		35	0.61380124	3.464118	0.0	0.0	0.0	103	tags=57%, list=12%, signal=62%	
NEGATIVE REGULATION OF MULTI-ORGANISM PROCESS%GOBP%GO:0043901	NEGATIVE REGULATION OF MULTI-ORGANISM PROCESS%GOBP%GO:0043901		20	0.7606782	3.4544938	0.0	0.0	0.0	114	tags=80%, list=14%, signal=90%	
REGULATION OF RNA METABOLIC PROCESS%GOBP%GO:0051252	REGULATION OF RNA METABOLIC PROCESS%GOBP%GO:0051252		143	0.39441222	3.3959627	0.0	0.0	0.0	339	tags=70%, list=41%, signal=98%	
SIGNAL TRANSDUCTION%GOBP%GO:0007165	SIGNAL TRANSDUCTION%GOBP%GO:0007165		200	0.37898493	3.3926225	0.0	0.0	0.0	310	tags=62%, list=37%, signal=74%	
RESPONSE TO TYPE I INTERFERON%GOBP%GO:0034340	RESPONSE TO TYPE I INTERFERON%GOBP%GO:0034340		23	0.71395344	3.3875175	0.0	0.0	0.0	126	tags=74%, list=15%, signal=85%	
CELLULAR RESPONSE TO TYPE I INTERFERON%GOBP%GO:0071357	CELLULAR RESPONSE TO TYPE I INTERFERON%GOBP%GO:0071357		23	0.71395344	3.369936	0.0	0.0	0.0	126	tags=74%, list=15%, signal=85%	
REGULATION OF NUCLEIC ACID-TEMPLATED TRANSCRIPTION%GOBP%GO:1903506	REGULATION OF NUCLEIC ACID-TEMPLATED TRANSCRIPTION%GOBP%GO:1903506		138	0.39449	3.3644347	0.0	0.0	0.0	339	tags=70%, list=41%, signal=99%	
DEFENSE RESPONSE TO OTHER ORGANISM%GOBP%GO:0098542	DEFENSE RESPONSE TO OTHER ORGANISM%GOBP%GO:0098542		26	0.6623864	3.3636158	0.0	0.0	0.0	140	tags=73%, list=17%, signal=85%	
DEFENSE RESPONSE TO VIRUS%GOBP%GO:0051607	DEFENSE RESPONSE TO VIRUS%GOBP%GO:0051607		19	0.75398123	3.3603237	0.0	0.0	0.0	138	tags=84%, list=17%, signal=99%	
HALLMARK_INFLAMMATORY_RESPONSE%MSIGDB_C2%HALLMARK_INFLAMMATORY_RESPONSE	HALLMARK_INFLAMMATORY_RESPONSE%MSIGDB_C2%HALLMARK_INFLAMMATORY_RESPONSE		35	0.60135394	3.351242	0.0	0.0	0.0	283	tags=89%, list=34%, signal=129%	
REGULATION OF DEFENSE RESPONSE%GOBP%GO:0031347	REGULATION OF DEFENSE RESPONSE%GOBP%GO:0031347		47	0.5346677	3.3486927	0.0	0.0	0.0	293	tags=83%, list=35%, signal=121%	
TYPE I INTERFERON SIGNALING PATHWAY%GOBP%GO:0060337	TYPE I INTERFERON SIGNALING PATHWAY%GOBP%GO:0060337		23	0.71395344	3.3462894	0.0	0.0	0.0	126	tags=74%, list=15%, signal=85%	
POSITIVE REGULATION OF MACROMOLECULE BIOSYNTHETIC PROCESS%GOBP%GO:0010557	POSITIVE REGULATION OF MACROMOLECULE BIOSYNTHETIC PROCESS%GOBP%GO:0010557		75	0.46820575	3.3354807	0.0	0.0	0.0	314	tags=76%, list=38%, signal=111%	
REGULATION OF CYTOKINE PRODUCTION%GOBP%GO:0001817	REGULATION OF CYTOKINE PRODUCTION%GOBP%GO:0001817		46	0.54031855	3.3351042	0.0	0.0	0.0	348	tags=91%, list=42%, signal=148%	
REGULATION OF RESPONSE TO EXTERNAL STIMULUS%GOBP%GO:0032101	REGULATION OF RESPONSE TO EXTERNAL STIMULUS%GOBP%GO:0032101		54	0.51931614	3.318686	0.0	0.0	0.0	258	tags=74%, list=31%, signal=100%	
REGULATION OF RNA BIOSYNTHETIC PROCESS%GOBP%GO:2001141	REGULATION OF RNA BIOSYNTHETIC PROCESS%GOBP%GO:2001141		138	0.39449	3.3135018	0.0	0.0	0.0	339	tags=70%, list=41%, signal=99%	
POSITIVE REGULATION OF TRANSCRIPTION FROM RNA POLYMERASE II PROMOTER%GOBP%GO:0045944	POSITIVE REGULATION OF TRANSCRIPTION FROM RNA POLYMERASE II PROMOTER%GOBP%GO:0045944		56	0.4963827	3.3040204	0.0	0.0	0.0	275	tags=73%, list=33%, signal=102%	
REGULATION OF TRANSCRIPTION, DNA-TEMPLATED%GOBP%GO:0006355	REGULATION OF TRANSCRIPTION, DNA-TEMPLATED%GOBP%GO:0006355		138	0.39449	3.2928681	0.0	0.0	0.0	339	tags=70%, list=41%, signal=99%	
IMMUNE EFFECTOR PROCESS%GOBP%GO:0002252	IMMUNE EFFECTOR PROCESS%GOBP%GO:0002252		50	0.5242323	3.2875113	0.0	0.0	0.0	280	tags=78%, list=34%, signal=111%	
REGULATION OF MULTI-ORGANISM PROCESS%GOBP%GO:0043900	REGULATION OF MULTI-ORGANISM PROCESS%GOBP%GO:0043900		30	0.63468957	3.2843974	0.0	0.0	0.0	114	tags=63%, list=14%, signal=71%	
REGULATION OF TRANSCRIPTION FROM RNA POLYMERASE II PROMOTER%GOBP%GO:0006357	REGULATION OF TRANSCRIPTION FROM RNA POLYMERASE II PROMOTER%GOBP%GO:0006357		91	0.4321548	3.282998	0.0	0.0	0.0	336	tags=75%, list=40%, signal=112%	
REGULATION OF RESPONSE TO STIMULUS%GOBP%GO:0048583	REGULATION OF RESPONSE TO STIMULUS%GOBP%GO:0048583		173	0.36453298	3.2488296	0.0	0.0	0.0	377	tags=72%, list=45%, signal=104%	
POSITIVE REGULATION OF DEFENSE RESPONSE%GOBP%GO:0031349	POSITIVE REGULATION OF DEFENSE RESPONSE%GOBP%GO:0031349		29	0.6129125	3.2226486	0.0	0.0	0.0	146	tags=69%, list=18%, signal=81%	
REGULATION OF MACROMOLECULE BIOSYNTHETIC PROCESS%GOBP%GO:0010556	REGULATION OF MACROMOLECULE BIOSYNTHETIC PROCESS%GOBP%GO:0010556		147	0.37080058	3.2154565	0.0	0.0	0.0	339	tags=68%, list=41%, signal=95%	
POSITIVE REGULATION OF IMMUNE SYSTEM PROCESS%GOBP%GO:0002684	POSITIVE REGULATION OF IMMUNE SYSTEM PROCESS%GOBP%GO:0002684		53	0.49594048	3.2144418	0.0	0.0	0.0	268	tags=74%, list=32%, signal=102%	
REGULATION OF IMMUNE RESPONSE%GOBP%GO:0050776	REGULATION OF IMMUNE RESPONSE%GOBP%GO:0050776		46	0.50809747	3.2029407	0.0	0.0	0.0	161	tags=59%, list=19%, signal=69%	
NEGATIVE REGULATION OF VIRAL PROCESS%GOBP%GO:0048525	NEGATIVE REGULATION OF VIRAL PROCESS%GOBP%GO:0048525		16	0.7641656	3.1909559	0.0	0.0	0.0	114	tags=81%, list=14%, signal=92%	
POSITIVE REGULATION OF NUCLEOBASE-CONTAINING COMPOUND METABOLIC PROCESS%GOBP%GO:0045935	POSITIVE REGULATION OF NUCLEOBASE-CONTAINING COMPOUND METABOLIC PROCESS%GOBP%GO:0045935		78	0.44365543	3.1704385	0.0	0.0	0.0	314	tags=73%, list=38%, signal=106%	
POSITIVE REGULATION OF NITROGEN COMPOUND METABOLIC PROCESS%GOBP%GO:0051173	POSITIVE REGULATION OF NITROGEN COMPOUND METABOLIC PROCESS%GOBP%GO:0051173		127	0.37744653	3.1455429	0.0	0.0	0.0	314	tags=65%, list=38%, signal=88%	
REGULATION OF CELLULAR MACROMOLECULE BIOSYNTHETIC PROCESS%GOBP%GO:2000112	REGULATION OF CELLULAR MACROMOLECULE BIOSYNTHETIC PROCESS%GOBP%GO:2000112		146	0.36805895	3.118645	0.0	0.0	0.0	339	tags=68%, list=41%, signal=94%	
REGULATION OF GENE EXPRESSION%GOBP%GO:0010468	REGULATION OF GENE EXPRESSION%GOBP%GO:0010468		162	0.3452969	3.0612893	0.0	0.0	0.0	409	tags=77%, list=49%, signal=121%	
POSITIVE REGULATION OF RESPONSE TO EXTERNAL STIMULUS%GOBP%GO:0032103	POSITIVE REGULATION OF RESPONSE TO EXTERNAL STIMULUS%GOBP%GO:0032103		28	0.60036135	3.057746	0.0	0.0	0.0	258	tags=86%, list=31%, signal=120%	
POSITIVE REGULATION OF BIOSYNTHETIC PROCESS%GOBP%GO:0009891	POSITIVE REGULATION OF BIOSYNTHETIC PROCESS%GOBP%GO:0009891		83	0.4125104	3.0511024	0.0	0.0	0.0	314	tags=70%, list=38%, signal=101%	
REGULATION OF VIRAL PROCESS%GOBP%GO:0050792	REGULATION OF VIRAL PROCESS%GOBP%GO:0050792		21	0.6615733	3.0479107	0.0	0.0	0.0	114	tags=67%, list=14%, signal=75%	
REGULATION OF VIRAL LIFE CYCLE%GOBP%GO:1903900	REGULATION OF VIRAL LIFE CYCLE%GOBP%GO:1903900		18	0.6998381	3.0337484	0.0	0.0	0.0	114	tags=72%, list=14%, signal=82%	
REGULATION OF BIOSYNTHETIC PROCESS%GOBP%GO:0009889	REGULATION OF BIOSYNTHETIC PROCESS%GOBP%GO:0009889		158	0.35304865	3.032626	0.0	0.0	0.0	339	tags=66%, list=41%, signal=90%	
REGULATION OF SYMBIOSIS, ENCOMPASSING MUTUALISM THROUGH PARASITISM%GOBP%GO:0043903	REGULATION OF SYMBIOSIS, ENCOMPASSING MUTUALISM THROUGH PARASITISM%GOBP%GO:0043903		22	0.6369234	3.0166383	0.0	0.0	0.0	114	tags=64%, list=14%, signal=72%	
REGULATION OF VIRAL GENOME REPLICATION%GOBP%GO:0045069	REGULATION OF VIRAL GENOME REPLICATION%GOBP%GO:0045069		15	0.7487178	3.0022175	0.0	0.0	0.0	114	tags=80%, list=14%, signal=91%	
REGULATION OF CELLULAR BIOSYNTHETIC PROCESS%GOBP%GO:0031326	REGULATION OF CELLULAR BIOSYNTHETIC PROCESS%GOBP%GO:0031326		157	0.35030794	2.9990914	0.0	0.0	0.0	339	tags=66%, list=41%, signal=90%	
POSITIVE REGULATION OF IMMUNE RESPONSE%GOBP%GO:0050778	POSITIVE REGULATION OF IMMUNE RESPONSE%GOBP%GO:0050778		29	0.5896387	2.9984727	0.0	0.0	0.0	140	tags=66%, list=17%, signal=76%	
RESPONSE TO LIPOPOLYSACCHARIDE%GOBP%GO:0032496	RESPONSE TO LIPOPOLYSACCHARIDE%GOBP%GO:0032496		25	0.596658	2.9940343	0.0	0.0	0.0	275	tags=88%, list=33%, signal=128%	
REGULATION OF NUCLEOBASE-CONTAINING COMPOUND METABOLIC PROCESS%GOBP%GO:0019219	REGULATION OF NUCLEOBASE-CONTAINING COMPOUND METABOLIC PROCESS%GOBP%GO:0019219		153	0.35040364	2.992308	0.0	0.0	0.0	409	tags=77%, list=49%, signal=124%	
POSITIVE REGULATION OF CELLULAR BIOSYNTHETIC PROCESS%GOBP%GO:0031328	POSITIVE REGULATION OF CELLULAR BIOSYNTHETIC PROCESS%GOBP%GO:0031328		82	0.40899003	2.9893012	0.0	0.0	0.0	314	tags=70%, list=38%, signal=101%	
REGULATION OF CELL MIGRATION%GOBP%GO:0030334	REGULATION OF CELL MIGRATION%GOBP%GO:0030334		51	0.4577453	2.952053	0.0	0.0	0.0	241	tags=63%, list=29%, signal=83%	
REGULATION OF CELL MOTILITY%GOBP%GO:2000145	REGULATION OF CELL MOTILITY%GOBP%GO:2000145		51	0.4577453	2.9191754	0.0	0.0	0.0	241	tags=63%, list=29%, signal=83%	
NEGATIVE REGULATION OF CYTOKINE PRODUCTION%GOBP%GO:0001818	NEGATIVE REGULATION OF CYTOKINE PRODUCTION%GOBP%GO:0001818		23	0.61633664	2.8842788	0.0	3.153098E-5	0.002	332	tags=100%, list=40%, signal=162%	
RESPONSE TO MOLECULE OF BACTERIAL ORIGIN%GOBP%GO:0002237	RESPONSE TO MOLECULE OF BACTERIAL ORIGIN%GOBP%GO:0002237		26	0.5587496	2.8795686	0.0	3.1126736E-5	0.002	275	tags=85%, list=33%, signal=123%	
POSITIVE REGULATION OF CYTOKINE PRODUCTION%GOBP%GO:0001819	POSITIVE REGULATION OF CYTOKINE PRODUCTION%GOBP%GO:0001819		28	0.5386145	2.877558	0.0	3.073273E-5	0.002	140	tags=57%, list=17%, signal=66%	
SIGNALING BY INTERLEUKINS%REACTOME DATABASE ID RELEASE 61%449147	SIGNALING BY INTERLEUKINS%REACTOME DATABASE ID RELEASE 61%449147		52	0.4440461	2.876849	0.0	3.034857E-5	0.002	403	tags=88%, list=48%, signal=161%	
REGULATION OF IMMUNE EFFECTOR PROCESS%GOBP%GO:0002697	REGULATION OF IMMUNE EFFECTOR PROCESS%GOBP%GO:0002697		22	0.60676706	2.866252	0.0	2.9973895E-5	0.002	153	tags=68%, list=18%, signal=81%	
NEGATIVE REGULATION OF MULTICELLULAR ORGANISMAL PROCESS%GOBP%GO:0051241	NEGATIVE REGULATION OF MULTICELLULAR ORGANISMAL PROCESS%GOBP%GO:0051241		49	0.4526478	2.856542	0.0	2.960836E-5	0.002	375	tags=86%, list=45%, signal=147%	
REGULATION OF LOCOMOTION%GOBP%GO:0040012	REGULATION OF LOCOMOTION%GOBP%GO:0040012		52	0.44688967	2.8564074	0.0	2.9251634E-5	0.002	241	tags=62%, list=29%, signal=81%	
POSITIVE REGULATION OF GENE EXPRESSION%GOBP%GO:0010628	POSITIVE REGULATION OF GENE EXPRESSION%GOBP%GO:0010628		84	0.3833776	2.8488784	0.0	2.89034E-5	0.002	314	tags=68%, list=38%, signal=98%	
INNATE IMMUNE SYSTEM%REACTOME DATABASE ID RELEASE 61%168249	INNATE IMMUNE SYSTEM%REACTOME DATABASE ID RELEASE 61%168249		67	0.40635034	2.8213732	0.0	2.856336E-5	0.002	403	tags=85%, list=48%, signal=152%	
POSITIVE REGULATION OF CELLULAR METABOLIC PROCESS%GOBP%GO:0031325	POSITIVE REGULATION OF CELLULAR METABOLIC PROCESS%GOBP%GO:0031325		132	0.34097895	2.8147306	0.0	2.8231227E-5	0.002	283	tags=57%, list=34%, signal=72%	
REGULATION OF SIGNAL TRANSDUCTION%GOBP%GO:0009966	REGULATION OF SIGNAL TRANSDUCTION%GOBP%GO:0009966		122	0.3422293	2.8037255	0.0	2.790673E-5	0.002	386	tags=74%, list=46%, signal=118%	
POSITIVE REGULATION OF MACROMOLECULE METABOLIC PROCESS%GOBP%GO:0010604	POSITIVE REGULATION OF MACROMOLECULE METABOLIC PROCESS%GOBP%GO:0010604		136	0.3291909	2.7839835	0.0	2.7589609E-5	0.002	283	tags=56%, list=34%, signal=71%	
LEUKOCYTE ACTIVATION%GOBP%GO:0045321	LEUKOCYTE ACTIVATION%GOBP%GO:0045321		43	0.45849577	2.7734108	0.0	2.7279611E-5	0.002	280	tags=72%, list=34%, signal=103%	
NEGATIVE REGULATION OF GENE EXPRESSION%GOBP%GO:0010629	NEGATIVE REGULATION OF GENE EXPRESSION%GOBP%GO:0010629		62	0.39556724	2.7725277	0.0	2.6976506E-5	0.002	302	tags=69%, list=36%, signal=101%	
NEGATIVE REGULATION OF IMMUNE SYSTEM PROCESS%GOBP%GO:0002683	NEGATIVE REGULATION OF IMMUNE SYSTEM PROCESS%GOBP%GO:0002683		25	0.56454086	2.7599356	0.0	2.6680062E-5	0.002	344	tags=96%, list=41%, signal=159%	
CELL ACTIVATION%GOBP%GO:0001775	CELL ACTIVATION%GOBP%GO:0001775		48	0.4363233	2.7434502	0.0	2.639006E-5	0.002	280	tags=69%, list=34%, signal=98%	
REGULATION OF RESPONSE TO STRESS%GOBP%GO:0080134	REGULATION OF RESPONSE TO STRESS%GOBP%GO:0080134		79	0.3740097	2.7423751	0.0	2.6106296E-5	0.002	348	tags=72%, list=42%, signal=112%	
REGULATION OF CELL PROLIFERATION%GOBP%GO:0042127	REGULATION OF CELL PROLIFERATION%GOBP%GO:0042127		85	0.36236763	2.7208085	0.0	2.5828569E-5	0.002	275	tags=59%, list=33%, signal=79%	
RESPONSE TO INTERFERON-GAMMA%GOBP%GO:0034341	RESPONSE TO INTERFERON-GAMMA%GOBP%GO:0034341		20	0.59854335	2.7132888	0.0	2.555669E-5	0.002	294	tags=90%, list=35%, signal=136%	
POSITIVE REGULATION OF SIGNAL TRANSDUCTION%GOBP%GO:0009967	POSITIVE REGULATION OF SIGNAL TRANSDUCTION%GOBP%GO:0009967		63	0.39045888	2.6920857	0.0	3.8490027E-5	0.003	339	tags=73%, list=41%, signal=114%	
RESPONSE TO BACTERIUM%GOBP%GO:0009617	RESPONSE TO BACTERIUM%GOBP%GO:0009617		31	0.49720222	2.6879442	0.0	3.809322E-5	0.003	275	tags=77%, list=33%, signal=111%	
RESPONSE TO LIPID%GOBP%GO:0033993	RESPONSE TO LIPID%GOBP%GO:0033993		34	0.47668192	2.679664	0.0	3.7704514E-5	0.003	287	tags=76%, list=35%, signal=112%	
REGULATION OF LEUKOCYTE MIGRATION%GOBP%GO:0002685	REGULATION OF LEUKOCYTE MIGRATION%GOBP%GO:0002685		18	0.6183693	2.6775613	0.0	3.7323658E-5	0.003	258	tags=89%, list=31%, signal=126%	
POSITIVE REGULATION OF CELL MOTILITY%GOBP%GO:2000147	POSITIVE REGULATION OF CELL MOTILITY%GOBP%GO:2000147		29	0.50319654	2.6702402	0.0	3.6950423E-5	0.003	227	tags=66%, list=27%, signal=87%	
NEGATIVE REGULATION OF NITROGEN COMPOUND METABOLIC PROCESS%GOBP%GO:0051172	NEGATIVE REGULATION OF NITROGEN COMPOUND METABOLIC PROCESS%GOBP%GO:0051172		109	0.33617935	2.6675024	0.0	3.658458E-5	0.003	355	tags=70%, list=43%, signal=106%	
HALLMARK_ESTROGEN_RESPONSE_EARLY%MSIGDB_C2%HALLMARK_ESTROGEN_RESPONSE_EARLY	HALLMARK_ESTROGEN_RESPONSE_EARLY%MSIGDB_C2%HALLMARK_ESTROGEN_RESPONSE_EARLY		16	0.64417183	2.6644518	0.0	3.6225905E-5	0.003	305	tags=100%, list=37%, signal=155%	
REGULATION OF CELLULAR COMPONENT MOVEMENT%GOBP%GO:0051270	REGULATION OF CELLULAR COMPONENT MOVEMENT%GOBP%GO:0051270		57	0.40404433	2.6643713	0.0	3.58742E-5	0.003	241	tags=58%, list=29%, signal=76%	
REGULATION OF SECRETION BY CELL%GOBP%GO:1903530	REGULATION OF SECRETION BY CELL%GOBP%GO:1903530		31	0.49764118	2.6565013	0.0	4.667534E-5	0.004	357	tags=87%, list=43%, signal=147%	
NEGATIVE REGULATION OF CELLULAR PROCESS%GOBP%GO:0048523	NEGATIVE REGULATION OF CELLULAR PROCESS%GOBP%GO:0048523		188	0.29528397	2.6523871	0.0	4.6230813E-5	0.004	376	tags=66%, list=45%, signal=93%	
NEGATIVE REGULATION OF CELLULAR METABOLIC PROCESS%GOBP%GO:0031324	NEGATIVE REGULATION OF CELLULAR METABOLIC PROCESS%GOBP%GO:0031324		113	0.32718056	2.6502316	0.0	4.5794673E-5	0.004	376	tags=72%, list=45%, signal=113%	
REGULATION OF CELL COMMUNICATION%GOBP%GO:0010646	REGULATION OF CELL COMMUNICATION%GOBP%GO:0010646		137	0.31134883	2.6489737	0.0	5.720927E-5	0.005	403	tags=73%, list=48%, signal=118%	
INFLAMMATORY RESPONSE%GOBP%GO:0006954	INFLAMMATORY RESPONSE%GOBP%GO:0006954		30	0.50557	2.6475935	0.0	5.6679557E-5	0.005	279	tags=80%, list=34%, signal=116%	
POSITIVE REGULATION OF CELL MIGRATION%GOBP%GO:0030335	POSITIVE REGULATION OF CELL MIGRATION%GOBP%GO:0030335		29	0.50319654	2.6403418	0.0	6.778486E-5	0.005	227	tags=66%, list=27%, signal=87%	
POSITIVE REGULATION OF CELLULAR COMPONENT MOVEMENT%GOBP%GO:0051272	POSITIVE REGULATION OF CELLULAR COMPONENT MOVEMENT%GOBP%GO:0051272		29	0.50319654	2.634681	0.0	6.716863E-5	0.005	227	tags=66%, list=27%, signal=87%	
HALLMARK_ALLOGRAFT_REJECTION%MSIGDB_C2%HALLMARK_ALLOGRAFT_REJECTION	HALLMARK_ALLOGRAFT_REJECTION%MSIGDB_C2%HALLMARK_ALLOGRAFT_REJECTION		18	0.59778607	2.6333277	0.0	6.656351E-5	0.005	344	tags=100%, list=41%, signal=167%	
REGULATION OF CELL ACTIVATION%GOBP%GO:0050865	REGULATION OF CELL ACTIVATION%GOBP%GO:0050865		28	0.5026797	2.630554	0.0	6.5969194E-5	0.005	372	tags=93%, list=45%, signal=162%	
REGULATION OF INNATE IMMUNE RESPONSE%GOBP%GO:0045088	REGULATION OF INNATE IMMUNE RESPONSE%GOBP%GO:0045088		24	0.55029905	2.6135123	0.0	7.595172E-5	0.006	140	tags=63%, list=17%, signal=73%	
NEGATIVE REGULATION OF RNA METABOLIC PROCESS%GOBP%GO:0051253	NEGATIVE REGULATION OF RNA METABOLIC PROCESS%GOBP%GO:0051253		54	0.40136763	2.6022232	0.0	9.670771E-5	0.008	302	tags=70%, list=36%, signal=103%	
REGULATION OF SECRETION%GOBP%GO:0051046	REGULATION OF SECRETION%GOBP%GO:0051046		35	0.4593795	2.6014862	0.0	9.5866766E-5	0.008	268	tags=69%, list=32%, signal=97%	
NEGATIVE REGULATION OF RESPONSE TO STIMULUS%GOBP%GO:0048585	NEGATIVE REGULATION OF RESPONSE TO STIMULUS%GOBP%GO:0048585		68	0.37003842	2.5995898	0.0	1.0535722E-4	0.009	356	tags=74%, list=43%, signal=118%	
REGULATION OF CELL-CELL ADHESION%GOBP%GO:0022407	REGULATION OF CELL-CELL ADHESION%GOBP%GO:0022407		23	0.5433395	2.5978036	0.0	1.0445673E-4	0.009	357	tags=96%, list=43%, signal=163%	
REGULATION OF DEVELOPMENTAL PROCESS%GOBP%GO:0050793	REGULATION OF DEVELOPMENTAL PROCESS%GOBP%GO:0050793		94	0.33861536	2.596086	0.0	1.035715E-4	0.009	376	tags=72%, list=45%, signal=117%	
REGULATION OF INFLAMMATORY RESPONSE%GOBP%GO:0050727	REGULATION OF INFLAMMATORY RESPONSE%GOBP%GO:0050727		28	0.51231617	2.5921516	0.0	1.0270116E-4	0.009	253	tags=75%, list=30%, signal=104%	
POSITIVE REGULATION OF METABOLIC PROCESS%GOBP%GO:0009893	POSITIVE REGULATION OF METABOLIC PROCESS%GOBP%GO:0009893		146	0.3085924	2.5910277	0.0	1.0184532E-4	0.009	409	tags=73%, list=49%, signal=119%	
NEGATIVE REGULATION OF METABOLIC PROCESS%GOBP%GO:0009892	NEGATIVE REGULATION OF METABOLIC PROCESS%GOBP%GO:0009892		117	0.31253356	2.5872064	0.0	1.01003614E-4	0.009	376	tags=70%, list=45%, signal=110%	
NEGATIVE REGULATION OF NUCLEIC ACID-TEMPLATED TRANSCRIPTION%GOBP%GO:1903507	NEGATIVE REGULATION OF NUCLEIC ACID-TEMPLATED TRANSCRIPTION%GOBP%GO:1903507		52	0.4043519	2.583433	0.0	1.0017572E-4	0.009	302	tags=71%, list=36%, signal=105%	
POSITIVE REGULATION OF LOCOMOTION%GOBP%GO:0040017	POSITIVE REGULATION OF LOCOMOTION%GOBP%GO:0040017		29	0.50319654	2.5829432	0.0	9.936128E-5	0.009	227	tags=66%, list=27%, signal=87%	
NEGATIVE REGULATION OF RNA BIOSYNTHETIC PROCESS%GOBP%GO:1902679	NEGATIVE REGULATION OF RNA BIOSYNTHETIC PROCESS%GOBP%GO:1902679		52	0.4043519	2.582796	0.0	9.855998E-5	0.009	302	tags=71%, list=36%, signal=105%	
REGULATION OF ESTABLISHMENT OF PROTEIN LOCALIZATION%GOBP%GO:0070201	REGULATION OF ESTABLISHMENT OF PROTEIN LOCALIZATION%GOBP%GO:0070201		37	0.44626158	2.5763364	0.0	1.16298404E-4	0.011	302	tags=73%, list=36%, signal=110%	
HALLMARK_EPITHELIAL_MESENCHYMAL_TRANSITION%MSIGDB_C2%HALLMARK_EPITHELIAL_MESENCHYMAL_TRANSITION	HALLMARK_EPITHELIAL_MESENCHYMAL_TRANSITION%MSIGDB_C2%HALLMARK_EPITHELIAL_MESENCHYMAL_TRANSITION		28	0.4989406	2.5707717	0.0	1.153754E-4	0.011	280	tags=75%, list=34%, signal=109%	
NEGATIVE REGULATION OF TRANSCRIPTION, DNA-TEMPLATED%GOBP%GO:0045892	NEGATIVE REGULATION OF TRANSCRIPTION, DNA-TEMPLATED%GOBP%GO:0045892		52	0.4043519	2.5681927	0.0	1.1446693E-4	0.011	302	tags=71%, list=36%, signal=105%	
POSITIVE REGULATION OF MULTICELLULAR ORGANISMAL PROCESS%GOBP%GO:0051240	POSITIVE REGULATION OF MULTICELLULAR ORGANISMAL PROCESS%GOBP%GO:0051240		74	0.36092034	2.562445	0.0	1.13572656E-4	0.011	269	tags=58%, list=32%, signal=78%	
POSITIVE REGULATION OF CELL COMMUNICATION%GOBP%GO:0010647	POSITIVE REGULATION OF CELL COMMUNICATION%GOBP%GO:0010647		65	0.3718762	2.560964	0.0	1.1269225E-4	0.011	339	tags=71%, list=41%, signal=110%	
NEGATIVE REGULATION OF MACROMOLECULE METABOLIC PROCESS%GOBP%GO:0010605	NEGATIVE REGULATION OF MACROMOLECULE METABOLIC PROCESS%GOBP%GO:0010605		110	0.32219443	2.544991	0.0	1.2996193E-4	0.013	355	tags=68%, list=43%, signal=103%	
POSITIVE REGULATION OF SIGNALING%GOBP%GO:0023056	POSITIVE REGULATION OF SIGNALING%GOBP%GO:0023056		65	0.3718762	2.5404863	0.0	1.3806332E-4	0.014	339	tags=71%, list=41%, signal=110%	
REGULATION OF CELL DEATH%GOBP%GO:0010941	REGULATION OF CELL DEATH%GOBP%GO:0010941		92	0.33793515	2.5403776	0.0	1.370174E-4	0.014	310	tags=61%, list=37%, signal=86%	
REGULATION OF LEUKOCYTE CELL-CELL ADHESION%GOBP%GO:1903037	REGULATION OF LEUKOCYTE CELL-CELL ADHESION%GOBP%GO:1903037		21	0.5376759	2.5315952	0.0	1.6287822E-4	0.017	357	tags=95%, list=43%, signal=163%	
REGULATION OF ANATOMICAL STRUCTURE MORPHOGENESIS%GOBP%GO:0022603	REGULATION OF ANATOMICAL STRUCTURE MORPHOGENESIS%GOBP%GO:0022603		43	0.41980726	2.5284119	0.0	1.6166273E-4	0.017	344	tags=77%, list=41%, signal=124%	
NABA_MATRISOME_ASSOCIATED%MSIGDB_C2%NABA_MATRISOME_ASSOCIATED	NABA_MATRISOME_ASSOCIATED%MSIGDB_C2%NABA_MATRISOME_ASSOCIATED		55	0.39131984	2.5277188	0.0	1.604652E-4	0.017	271	tags=62%, list=33%, signal=86%	
POSITIVE REGULATION OF ESTABLISHMENT OF PROTEIN LOCALIZATION%GOBP%GO:1904951	POSITIVE REGULATION OF ESTABLISHMENT OF PROTEIN LOCALIZATION%GOBP%GO:1904951		23	0.5277467	2.5225623	0.0	1.5928532E-4	0.017	348	tags=91%, list=42%, signal=153%	
IMMUNE RESPONSE-REGULATING SIGNALING PATHWAY%GOBP%GO:0002764	IMMUNE RESPONSE-REGULATING SIGNALING PATHWAY%GOBP%GO:0002764		20	0.5460363	2.5195649	0.0	1.6725999E-4	0.018	149	tags=65%, list=18%, signal=77%	
RESPONSE TO OXYGEN-CONTAINING COMPOUND%GOBP%GO:1901700	RESPONSE TO OXYGEN-CONTAINING COMPOUND%GOBP%GO:1901700		57	0.37924352	2.5194337	0.0	1.6604798E-4	0.018	149	tags=44%, list=18%, signal=50%	
NEGATIVE REGULATION OF NUCLEOBASE-CONTAINING COMPOUND METABOLIC PROCESS%GOBP%GO:0045934	NEGATIVE REGULATION OF NUCLEOBASE-CONTAINING COMPOUND METABOLIC PROCESS%GOBP%GO:0045934		57	0.38378596	2.5114095	0.0	1.8172855E-4	0.02	302	tags=68%, list=36%, signal=100%	
CELLULAR RESPONSE TO INTERFERON-GAMMA%GOBP%GO:0071346	CELLULAR RESPONSE TO INTERFERON-GAMMA%GOBP%GO:0071346		17	0.5868237	2.5105247	0.0	1.8893935E-4	0.021	294	tags=88%, list=35%, signal=134%	
REGULATION OF PROTEIN TRANSPORT%GOBP%GO:0051223	REGULATION OF PROTEIN TRANSPORT%GOBP%GO:0051223		35	0.44078806	2.5074062	0.0	1.8759935E-4	0.021	278	tags=69%, list=33%, signal=99%	
REGULATION OF CHEMOTAXIS%GOBP%GO:0050920	REGULATION OF CHEMOTAXIS%GOBP%GO:0050920		16	0.60943353	2.5045786	0.0	1.8627824E-4	0.021	258	tags=88%, list=31%, signal=124%	
IMMUNE RESPONSE-ACTIVATING SIGNAL TRANSDUCTION%GOBP%GO:0002757	IMMUNE RESPONSE-ACTIVATING SIGNAL TRANSDUCTION%GOBP%GO:0002757		18	0.57065547	2.5036116	0.0	1.849756E-4	0.021	140	tags=67%, list=17%, signal=78%	
NABA_MATRISOME%MSIGDB_C2%NABA_MATRISOME	NABA_MATRISOME%MSIGDB_C2%NABA_MATRISOME		61	0.36945644	2.5013988	0.0	2.0060694E-4	0.023	271	tags=59%, list=33%, signal=81%	
REGULATION OF LEUKOCYTE ACTIVATION%GOBP%GO:0002694	REGULATION OF LEUKOCYTE ACTIVATION%GOBP%GO:0002694		26	0.49704674	2.493614	0.0	2.0813725E-4	0.024	372	tags=92%, list=45%, signal=162%	
REGULATED EXOCYTOSIS%GOBP%GO:0045055	REGULATED EXOCYTOSIS%GOBP%GO:0045055		27	0.4806503	2.4884474	0.0	2.233398E-4	0.026	89	tags=48%, list=11%, signal=52%	
POSITIVE REGULATION OF INNATE IMMUNE RESPONSE%GOBP%GO:0045089	POSITIVE REGULATION OF INNATE IMMUNE RESPONSE%GOBP%GO:0045089		18	0.5794175	2.4867394	0.0	2.2182049E-4	0.026	140	tags=67%, list=17%, signal=78%	
NEGATIVE REGULATION OF SIGNALING%GOBP%GO:0023057	NEGATIVE REGULATION OF SIGNALING%GOBP%GO:0023057		55	0.3791048	2.484273	0.0	2.203217E-4	0.026	376	tags=78%, list=45%, signal=133%	
REGULATION OF PEPTIDE TRANSPORT%GOBP%GO:0090087	REGULATION OF PEPTIDE TRANSPORT%GOBP%GO:0090087		36	0.43684524	2.4842317	0.0	2.1884304E-4	0.026	357	tags=81%, list=43%, signal=135%	
NEGATIVE REGULATION OF CELL COMMUNICATION%GOBP%GO:0010648	NEGATIVE REGULATION OF CELL COMMUNICATION%GOBP%GO:0010648		53	0.37762693	2.4772813	0.0	2.2561001E-4	0.027	327	tags=70%, list=39%, signal=108%	
INTERLEUKIN-4 AND 13 SIGNALING%REACTOME%R-HSA-6785807.3	INTERLEUKIN-4 AND 13 SIGNALING%REACTOME%R-HSA-6785807.3		16	0.58935523	2.4760678	0.0	2.2411588E-4	0.027	259	tags=88%, list=31%, signal=125%	
REGULATION OF RESPONSE TO CYTOKINE STIMULUS%GOBP%GO:0060759	REGULATION OF RESPONSE TO CYTOKINE STIMULUS%GOBP%GO:0060759		15	0.6237745	2.4703777	0.0	2.3044263E-4	0.028	321	tags=100%, list=39%, signal=160%	
POSITIVE REGULATION OF PROTEIN TRANSPORT%GOBP%GO:0051222	POSITIVE REGULATION OF PROTEIN TRANSPORT%GOBP%GO:0051222		21	0.52082443	2.447112	0.0	2.6735794E-4	0.033	348	tags=90%, list=42%, signal=152%	
POSITIVE REGULATION OF LEUKOCYTE MIGRATION%GOBP%GO:0002687	POSITIVE REGULATION OF LEUKOCYTE MIGRATION%GOBP%GO:0002687		15	0.5999708	2.4397717	0.0	2.8170832E-4	0.035	258	tags=87%, list=31%, signal=123%	
REGULATION OF PROGRAMMED CELL DEATH%GOBP%GO:0043067	REGULATION OF PROGRAMMED CELL DEATH%GOBP%GO:0043067		87	0.3251241	2.4373431	0.0	2.7989084E-4	0.035	310	tags=60%, list=37%, signal=85%	
MACROMOLECULE MODIFICATION%GOBP%GO:0043412	MACROMOLECULE MODIFICATION%GOBP%GO:0043412		101	0.30757445	2.4321406	0.0	2.7809665E-4	0.035	312	tags=60%, list=38%, signal=85%	
HALLMARK_KRAS_SIGNALING_UP%MSIGDB_C2%HALLMARK_KRAS_SIGNALING_UP	HALLMARK_KRAS_SIGNALING_UP%MSIGDB_C2%HALLMARK_KRAS_SIGNALING_UP		30	0.46519905	2.4255948	0.0	2.840013E-4	0.036	310	tags=77%, list=37%, signal=118%	
HALLMARK_HYPOXIA%MSIGDB_C2%HALLMARK_HYPOXIA	HALLMARK_HYPOXIA%MSIGDB_C2%HALLMARK_HYPOXIA		28	0.4646163	2.4224339	0.0	2.902042E-4	0.037	299	tags=79%, list=36%, signal=119%	
NEGATIVE REGULATION OF TRANSCRIPTION FROM RNA POLYMERASE II PROMOTER%GOBP%GO:0000122	NEGATIVE REGULATION OF TRANSCRIPTION FROM RNA POLYMERASE II PROMOTER%GOBP%GO:0000122		35	0.43324643	2.4131353	0.0	3.4213276E-4	0.044	302	tags=74%, list=36%, signal=112%	
ACTIVATION OF IMMUNE RESPONSE%GOBP%GO:0002253	ACTIVATION OF IMMUNE RESPONSE%GOBP%GO:0002253		19	0.5433296	2.3950646	0.0	4.092447E-4	0.052	140	tags=63%, list=17%, signal=74%	
HALLMARK_IL6_JAK_STAT3_SIGNALING%MSIGDB_C2%HALLMARK_IL6_JAK_STAT3_SIGNALING	HALLMARK_IL6_JAK_STAT3_SIGNALING%MSIGDB_C2%HALLMARK_IL6_JAK_STAT3_SIGNALING		18	0.55075955	2.3911457	0.0	4.140342E-4	0.053	300	tags=89%, list=36%, signal=136%	
PROTEIN MODIFICATION PROCESS%GOBP%GO:0036211	PROTEIN MODIFICATION PROCESS%GOBP%GO:0036211		99	0.30934983	2.390565	0.0	4.1147845E-4	0.053	312	tags=61%, list=38%, signal=85%	
NABA_SECRETED_FACTORS%MSIGDB_C2%NABA_SECRETED_FACTORS	NABA_SECRETED_FACTORS%MSIGDB_C2%NABA_SECRETED_FACTORS		36	0.43281746	2.3898532	0.0	4.1665253E-4	0.054	227	tags=58%, list=27%, signal=77%	
EXOCYTOSIS%GOBP%GO:0006887	EXOCYTOSIS%GOBP%GO:0006887		28	0.46620655	2.389652	0.0	4.14112E-4	0.054	89	tags=46%, list=11%, signal=50%	
VESICLE-MEDIATED TRANSPORT%GOBP%GO:0016192	VESICLE-MEDIATED TRANSPORT%GOBP%GO:0016192		44	0.3957814	2.3883893	0.0	4.1900965E-4	0.055	89	tags=39%, list=11%, signal=41%	
MACROMOLECULE METABOLIC PROCESS%GOBP%GO:0043170	MACROMOLECULE METABOLIC PROCESS%GOBP%GO:0043170		180	0.2669597	2.3855152	0.0	4.2356385E-4	0.056	322	tags=57%, list=39%, signal=72%	
CELLULAR PROTEIN MODIFICATION PROCESS%GOBP%GO:0006464	CELLULAR PROTEIN MODIFICATION PROCESS%GOBP%GO:0006464		99	0.30934983	2.380831	0.0	4.278918E-4	0.057	312	tags=61%, list=38%, signal=85%	
NEGATIVE REGULATION OF CELLULAR BIOSYNTHETIC PROCESS%GOBP%GO:0031327	NEGATIVE REGULATION OF CELLULAR BIOSYNTHETIC PROCESS%GOBP%GO:0031327		65	0.3380683	2.377137	0.0	4.3920756E-4	0.059	302	tags=65%, list=36%, signal=94%	
POSITIVE REGULATION OF INFLAMMATORY RESPONSE%GOBP%GO:0050729	POSITIVE REGULATION OF INFLAMMATORY RESPONSE%GOBP%GO:0050729		15	0.5837539	2.3770254	0.0	4.3660874E-4	0.059	146	tags=67%, list=18%, signal=79%	
POSITIVE REGULATION OF LEUKOCYTE CELL-CELL ADHESION%GOBP%GO:1903039	POSITIVE REGULATION OF LEUKOCYTE CELL-CELL ADHESION%GOBP%GO:1903039		15	0.57965684	2.3679824	0.0	4.7782337E-4	0.065	357	tags=100%, list=43%, signal=172%	
REGULATION OF PROTEIN SECRETION%GOBP%GO:0050708	REGULATION OF PROTEIN SECRETION%GOBP%GO:0050708		22	0.5040752	2.3649547	0.0	4.8174773E-4	0.066	262	tags=73%, list=32%, signal=103%	
REGULATION OF APOPTOTIC PROCESS%GOBP%GO:0042981	REGULATION OF APOPTOTIC PROCESS%GOBP%GO:0042981		86	0.32124597	2.3630745	0.0	4.7894684E-4	0.066	310	tags=59%, list=37%, signal=85%	
NEGATIVE REGULATION OF CELL DEATH%GOBP%GO:0060548	NEGATIVE REGULATION OF CELL DEATH%GOBP%GO:0060548		53	0.3698692	2.3596964	0.0	5.120886E-4	0.069	103	tags=34%, list=12%, signal=36%	
NEGATIVE REGULATION OF MACROMOLECULE BIOSYNTHETIC PROCESS%GOBP%GO:0010558	NEGATIVE REGULATION OF MACROMOLECULE BIOSYNTHETIC PROCESS%GOBP%GO:0010558		62	0.35072577	2.3595471	0.0	5.0914555E-4	0.069	302	tags=66%, list=36%, signal=96%	
REGULATION OF MULTICELLULAR ORGANISMAL DEVELOPMENT%GOBP%GO:2000026	REGULATION OF MULTICELLULAR ORGANISMAL DEVELOPMENT%GOBP%GO:2000026		74	0.3336788	2.3575008	0.0	5.201965E-4	0.071	374	tags=72%, list=45%, signal=119%	
REGULATION OF ANGIOGENESIS%GOBP%GO:0045765	REGULATION OF ANGIOGENESIS%GOBP%GO:0045765		23	0.48479405	2.340506	0.0	5.9258315E-4	0.082	290	tags=74%, list=35%, signal=110%	
REGULATION OF PEPTIDE SECRETION%GOBP%GO:0002791	REGULATION OF PEPTIDE SECRETION%GOBP%GO:0002791		23	0.4893425	2.334031	0.0	6.297004E-4	0.087	357	tags=87%, list=43%, signal=148%	
REGULATION OF CELL ADHESION%GOBP%GO:0030155	REGULATION OF CELL ADHESION%GOBP%GO:0030155		34	0.4304697	2.3303409	0.0	6.531241E-4	0.091	286	tags=71%, list=34%, signal=103%	
INTERFERON-GAMMA-MEDIATED SIGNALING PATHWAY%GOBP%GO:0060333	INTERFERON-GAMMA-MEDIATED SIGNALING PATHWAY%GOBP%GO:0060333		15	0.5750867	2.3239532	0.0	6.696571E-4	0.094	294	tags=87%, list=35%, signal=132%	
REGULATION OF LOCALIZATION%GOBP%GO:0032879	REGULATION OF LOCALIZATION%GOBP%GO:0032879		125	0.28949165	2.3228312	0.0	6.730463E-4	0.095	241	tags=46%, list=29%, signal=56%	
POSITIVE REGULATION OF CELL-CELL ADHESION%GOBP%GO:0022409	POSITIVE REGULATION OF CELL-CELL ADHESION%GOBP%GO:0022409		15	0.57965684	2.3212283	0.0	6.8269175E-4	0.096	357	tags=100%, list=43%, signal=172%	
NEGATIVE REGULATION OF BIOSYNTHETIC PROCESS%GOBP%GO:0009890	NEGATIVE REGULATION OF BIOSYNTHETIC PROCESS%GOBP%GO:0009890		65	0.3380683	2.3196692	0.0	6.9207E-4	0.098	302	tags=65%, list=36%, signal=94%	
CELLULAR RESPONSE TO LIPOPOLYSACCHARIDE%GOBP%GO:0071222	CELLULAR RESPONSE TO LIPOPOLYSACCHARIDE%GOBP%GO:0071222		16	0.55597836	2.3144648	0.0	7.1508763E-4	0.102	259	tags=81%, list=31%, signal=116%	
LOCOMOTION%GOBP%GO:0040011	LOCOMOTION%GOBP%GO:0040011		51	0.36342666	2.3135552	0.0	7.246294E-4	0.104	386	tags=78%, list=46%, signal=137%	
NEGATIVE REGULATION OF CELLULAR MACROMOLECULE BIOSYNTHETIC PROCESS%GOBP%GO:2000113	NEGATIVE REGULATION OF CELLULAR MACROMOLECULE BIOSYNTHETIC PROCESS%GOBP%GO:2000113		60	0.33899358	2.3064332	0.0	7.728008E-4	0.111	302	tags=65%, list=36%, signal=95%	
SECRETION%GOBP%GO:0046903	SECRETION%GOBP%GO:0046903		36	0.40548497	2.2988746	0.0	7.948897E-4	0.114	140	tags=47%, list=17%, signal=54%	
SECRETION BY CELL%GOBP%GO:0032940	SECRETION BY CELL%GOBP%GO:0032940		34	0.4109367	2.2928028	0.0016977929	8.549214E-4	0.124	90	tags=41%, list=11%, signal=44%	
POSITIVE REGULATION OF INTRACELLULAR SIGNAL TRANSDUCTION%GOBP%GO:1902533	POSITIVE REGULATION OF INTRACELLULAR SIGNAL TRANSDUCTION%GOBP%GO:1902533		44	0.38258913	2.291782	0.0	8.629455E-4	0.126	310	tags=68%, list=37%, signal=103%	
INTERFERON GAMMA SIGNALING%REACTOME%R-HSA-877300.1	INTERFERON GAMMA SIGNALING%REACTOME%R-HSA-877300.1		17	0.54710627	2.2896154	0.0	8.842874E-4	0.13	294	tags=82%, list=35%, signal=125%	
REGULATION OF SEQUENCE-SPECIFIC DNA BINDING TRANSCRIPTION FACTOR ACTIVITY%GOBP%GO:0051090	REGULATION OF SEQUENCE-SPECIFIC DNA BINDING TRANSCRIPTION FACTOR ACTIVITY%GOBP%GO:0051090		34	0.41710794	2.2881522	0.0	8.86143E-4	0.131	339	tags=79%, list=41%, signal=129%	
POSITIVE REGULATION OF CELL ACTIVATION%GOBP%GO:0050867	POSITIVE REGULATION OF CELL ACTIVATION%GOBP%GO:0050867		19	0.5155171	2.2780664	0.0018115942	9.895016E-4	0.146	372	tags=95%, list=45%, signal=168%	
POSITIVE REGULATION OF SECRETION%GOBP%GO:0051047	POSITIVE REGULATION OF SECRETION%GOBP%GO:0051047		17	0.53462803	2.2774782	0.0	9.904677E-4	0.147	356	tags=94%, list=43%, signal=161%	
CELLULAR MACROMOLECULE METABOLIC PROCESS%GOBP%GO:0044260	CELLULAR MACROMOLECULE METABOLIC PROCESS%GOBP%GO:0044260		172	0.26326028	2.27737	0.0	9.853357E-4	0.147	322	tags=56%, list=39%, signal=73%	
REGULATION OF MAPK CASCADE%GOBP%GO:0043408	REGULATION OF MAPK CASCADE%GOBP%GO:0043408		37	0.40247658	2.2677193	0.0	0.0010733152	0.159	339	tags=76%, list=41%, signal=122%	
NEGATIVE REGULATION OF RESPONSE TO EXTERNAL STIMULUS%GOBP%GO:0032102	NEGATIVE REGULATION OF RESPONSE TO EXTERNAL STIMULUS%GOBP%GO:0032102		18	0.51565	2.2649453	0.0	0.0010739767	0.16	241	tags=72%, list=29%, signal=100%	
NEGATIVE REGULATION OF APOPTOTIC PROCESS%GOBP%GO:0043066	NEGATIVE REGULATION OF APOPTOTIC PROCESS%GOBP%GO:0043066		51	0.36384624	2.2638965	0.0	0.0010939405	0.164	103	tags=33%, list=12%, signal=36%	
REGULATION OF INTRACELLULAR SIGNAL TRANSDUCTION%GOBP%GO:1902531	REGULATION OF INTRACELLULAR SIGNAL TRANSDUCTION%GOBP%GO:1902531		84	0.30555367	2.262954	0.0015576323	0.001094325	0.165	310	tags=60%, list=37%, signal=85%	
POSITIVE REGULATION OF DEVELOPMENTAL PROCESS%GOBP%GO:0051094	POSITIVE REGULATION OF DEVELOPMENTAL PROCESS%GOBP%GO:0051094		52	0.35010564	2.259246	0.0015772871	0.0011627504	0.175	275	tags=60%, list=33%, signal=84%	
REGULATION OF LYMPHOCYTE ACTIVATION%GOBP%GO:0051249	REGULATION OF LYMPHOCYTE ACTIVATION%GOBP%GO:0051249		22	0.48127025	2.2522383	0.0	0.0012125428	0.181	372	tags=91%, list=45%, signal=160%	
REGULATION OF T CELL ACTIVATION%GOBP%GO:0050863	REGULATION OF T CELL ACTIVATION%GOBP%GO:0050863		17	0.5228958	2.251274	0.0	0.0012187466	0.182	357	tags=94%, list=43%, signal=162%	
CELLULAR PROTEIN METABOLIC PROCESS%GOBP%GO:0044267	CELLULAR PROTEIN METABOLIC PROCESS%GOBP%GO:0044267		113	0.27963397	2.2508216	0.0	0.0012126833	0.182	312	tags=58%, list=38%, signal=80%	
NEGATIVE REGULATION OF SIGNAL TRANSDUCTION%GOBP%GO:0009968	NEGATIVE REGULATION OF SIGNAL TRANSDUCTION%GOBP%GO:0009968		47	0.35413855	2.247681	0.0	0.0012486407	0.188	322	tags=68%, list=39%, signal=105%	
POSITIVE REGULATION OF CELL PROLIFERATION%GOBP%GO:0008284	POSITIVE REGULATION OF CELL PROLIFERATION%GOBP%GO:0008284		42	0.37085938	2.24325	0.0016611295	0.0013139094	0.199	227	tags=52%, list=27%, signal=68%	
REGULATION OF VASCULATURE DEVELOPMENT%GOBP%GO:1901342	REGULATION OF VASCULATURE DEVELOPMENT%GOBP%GO:1901342		25	0.4516327	2.2432115	0.003407155	0.0013074685	0.199	393	tags=88%, list=47%, signal=162%	
NEGATIVE REGULATION OF PROGRAMMED CELL DEATH%GOBP%GO:0043069	NEGATIVE REGULATION OF PROGRAMMED CELL DEATH%GOBP%GO:0043069		52	0.36049646	2.2408285	0.0	0.0013304343	0.203	287	tags=60%, list=35%, signal=85%	
REGULATION OF SIGNALING%GOBP%GO:0023051	REGULATION OF SIGNALING%GOBP%GO:0023051		146	0.26176208	2.234018	0.0	0.0014126323	0.213	394	tags=68%, list=47%, signal=106%	
MYELOID LEUKOCYTE ACTIVATION%GOBP%GO:0002274	MYELOID LEUKOCYTE ACTIVATION%GOBP%GO:0002274		28	0.42516544	2.227273	0.0017241379	0.001493117	0.225	280	tags=71%, list=34%, signal=104%	
FC EPSILON RECEPTOR (FCERI) SIGNALING%REACTOME DATABASE ID RELEASE 61%2454202	FC EPSILON RECEPTOR (FCERI) SIGNALING%REACTOME DATABASE ID RELEASE 61%2454202		21	0.4827982	2.22727	0.0017361111	0.0014859386	0.225	403	tags=95%, list=48%, signal=180%	
HALLMARK_UV_RESPONSE_UP%MSIGDB_C2%HALLMARK_UV_RESPONSE_UP	HALLMARK_UV_RESPONSE_UP%MSIGDB_C2%HALLMARK_UV_RESPONSE_UP		15	0.5546642	2.2255042	0.0017301039	0.0014848328	0.225	291	tags=87%, list=35%, signal=131%	
CHEMOTAXIS%GOBP%GO:0006935	CHEMOTAXIS%GOBP%GO:0006935		24	0.4585806	2.2158623	0.0017211704	0.0015878859	0.239	213	tags=63%, list=26%, signal=82%	
RNA METABOLIC PROCESS%GOBP%GO:0016070	RNA METABOLIC PROCESS%GOBP%GO:0016070		34	0.40247008	2.2128422	0.0032733225	0.0016384743	0.247	321	tags=74%, list=39%, signal=115%	
TAXIS%GOBP%GO:0042330	TAXIS%GOBP%GO:0042330		24	0.4585806	2.2098463	0.0	0.0016594456	0.249	213	tags=63%, list=26%, signal=82%	
POSITIVE REGULATION OF LEUKOCYTE ACTIVATION%GOBP%GO:0002696	POSITIVE REGULATION OF LEUKOCYTE ACTIVATION%GOBP%GO:0002696		18	0.51209503	2.2071998	0.0	0.0016852643	0.254	372	tags=94%, list=45%, signal=167%	
TRANSCRIPTION FROM RNA POLYMERASE II PROMOTER%GOBP%GO:0006366	TRANSCRIPTION FROM RNA POLYMERASE II PROMOTER%GOBP%GO:0006366		26	0.4387838	2.1901267	0.0	0.0019395074	0.287	318	tags=77%, list=38%, signal=121%	
REGULATION OF I-KAPPAB KINASE/NF-KAPPAB SIGNALING%GOBP%GO:0043122	REGULATION OF I-KAPPAB KINASE/NF-KAPPAB SIGNALING%GOBP%GO:0043122		20	0.48514438	2.1891463	0.0	0.0019583406	0.291	403	tags=95%, list=48%, signal=180%	
NEGATIVE REGULATION OF CELLULAR COMPONENT MOVEMENT%GOBP%GO:0051271	NEGATIVE REGULATION OF CELLULAR COMPONENT MOVEMENT%GOBP%GO:0051271		15	0.54014885	2.1814833	0.0017699115	0.0021053297	0.313	344	tags=93%, list=41%, signal=156%	
NEGATIVE REGULATION OF CELL MIGRATION%GOBP%GO:0030336	NEGATIVE REGULATION OF CELL MIGRATION%GOBP%GO:0030336		15	0.54014885	2.1760886	0.0018214936	0.0021912167	0.324	344	tags=93%, list=41%, signal=156%	
NUCLEIC ACID-TEMPLATED TRANSCRIPTION%GOBP%GO:0097659	NUCLEIC ACID-TEMPLATED TRANSCRIPTION%GOBP%GO:0097659		28	0.42012945	2.175775	0.0033840947	0.0021811654	0.324	318	tags=75%, list=38%, signal=117%	
CELL ACTIVATION INVOLVED IN IMMUNE RESPONSE%GOBP%GO:0002263	CELL ACTIVATION INVOLVED IN IMMUNE RESPONSE%GOBP%GO:0002263		29	0.40969804	2.1708186	0.0	0.0022826546	0.341	280	tags=69%, list=34%, signal=100%	
POSITIVE REGULATION OF SECRETION BY CELL%GOBP%GO:1903532	POSITIVE REGULATION OF SECRETION BY CELL%GOBP%GO:1903532		16	0.5281107	2.1629386	0.0	0.002366426	0.351	356	tags=94%, list=43%, signal=161%	
SIGNALING BY SCF-KIT%REACTOME DATABASE ID RELEASE 61%1433557	SIGNALING BY SCF-KIT%REACTOME DATABASE ID RELEASE 61%1433557		20	0.47834408	2.1616313	0.0	0.002371912	0.354	403	tags=95%, list=48%, signal=180%	
POSITIVE REGULATION OF PROTEIN PHOSPHORYLATION%GOBP%GO:0001934	POSITIVE REGULATION OF PROTEIN PHOSPHORYLATION%GOBP%GO:0001934		51	0.33884007	2.159274	0.0016025641	0.0024158028	0.361	374	tags=73%, list=45%, signal=124%	
NEGATIVE REGULATION OF LOCOMOTION%GOBP%GO:0040013	NEGATIVE REGULATION OF LOCOMOTION%GOBP%GO:0040013		15	0.54014885	2.1584208	0.0	0.0024159208	0.363	344	tags=93%, list=41%, signal=156%	
REGULATION OF INTRACELLULAR PROTEIN TRANSPORT%GOBP%GO:0033157	REGULATION OF INTRACELLULAR PROTEIN TRANSPORT%GOBP%GO:0033157		19	0.48138425	2.158392	0.0	0.0024051357	0.363	302	tags=79%, list=36%, signal=121%	
TRANSCRIPTION, DNA-TEMPLATED%GOBP%GO:0006351	TRANSCRIPTION, DNA-TEMPLATED%GOBP%GO:0006351		28	0.42012945	2.156969	0.0033955858	0.0024542008	0.369	318	tags=75%, list=38%, signal=117%	
CELL MIGRATION%GOBP%GO:0016477	CELL MIGRATION%GOBP%GO:0016477		44	0.3563474	2.155067	0.0	0.002491106	0.375	305	tags=66%, list=37%, signal=99%	
REGULATION OF CELL DIFFERENTIATION%GOBP%GO:0045595	REGULATION OF CELL DIFFERENTIATION%GOBP%GO:0045595		59	0.32336634	2.1519752	0.0032051282	0.00254433	0.382	275	tags=58%, list=33%, signal=80%	
NEGATIVE REGULATION OF CELL MOTILITY%GOBP%GO:2000146	NEGATIVE REGULATION OF CELL MOTILITY%GOBP%GO:2000146		15	0.54014885	2.1508179	0.0	0.002548669	0.383	344	tags=93%, list=41%, signal=156%	
HALLMARK_IL2_STAT5_SIGNALING%MSIGDB_C2%HALLMARK_IL2_STAT5_SIGNALING	HALLMARK_IL2_STAT5_SIGNALING%MSIGDB_C2%HALLMARK_IL2_STAT5_SIGNALING		21	0.4534272	2.1501157	0.0	0.0025375395	0.383	388	tags=90%, list=47%, signal=165%	
POSITIVE REGULATION OF CELLULAR PROTEIN METABOLIC PROCESS%GOBP%GO:0032270	POSITIVE REGULATION OF CELLULAR PROTEIN METABOLIC PROCESS%GOBP%GO:0032270		69	0.30514225	2.1427891	0.0	0.0026842002	0.399	375	tags=70%, list=45%, signal=116%	
REGULATION OF CELLULAR PROTEIN METABOLIC PROCESS%GOBP%GO:0032268	REGULATION OF CELLULAR PROTEIN METABOLIC PROCESS%GOBP%GO:0032268		107	0.26898366	2.1427832	0.0	0.0026725803	0.399	375	tags=66%, list=45%, signal=105%	
POSITIVE REGULATION OF PROTEIN METABOLIC PROCESS%GOBP%GO:0051247	POSITIVE REGULATION OF PROTEIN METABOLIC PROCESS%GOBP%GO:0051247		72	0.30735585	2.1405945	0.0015625	0.0026825387	0.402	375	tags=69%, list=45%, signal=116%	
RNA BIOSYNTHETIC PROCESS%GOBP%GO:0032774	RNA BIOSYNTHETIC PROCESS%GOBP%GO:0032774		28	0.42012945	2.1381059	0.001776199	0.0027176165	0.406	318	tags=75%, list=38%, signal=117%	
POSITIVE REGULATION OF PHOSPHORYLATION%GOBP%GO:0042327	POSITIVE REGULATION OF PHOSPHORYLATION%GOBP%GO:0042327		52	0.328146	2.1377158	0.0	0.0027214414	0.407	374	tags=71%, list=45%, signal=121%	
POSITIVE REGULATION OF CELL ADHESION%GOBP%GO:0045785	POSITIVE REGULATION OF CELL ADHESION%GOBP%GO:0045785		20	0.4673349	2.1376853	0.0033955858	0.0027098607	0.407	280	tags=75%, list=34%, signal=110%	
CELLULAR RESPONSE TO BIOTIC STIMULUS%GOBP%GO:0071216	CELLULAR RESPONSE TO BIOTIC STIMULUS%GOBP%GO:0071216		17	0.5004781	2.1373637	0.0	0.0027084814	0.408	259	tags=76%, list=31%, signal=109%	
REGULATION OF PROTEIN LOCALIZATION TO NUCLEUS%GOBP%GO:1900180	REGULATION OF PROTEIN LOCALIZATION TO NUCLEUS%GOBP%GO:1900180		15	0.518337	2.136888	0.0017574693	0.0027175345	0.409	194	tags=67%, list=23%, signal=85%	
LEUKOCYTE MIGRATION%GOBP%GO:0050900	LEUKOCYTE MIGRATION%GOBP%GO:0050900		21	0.4596165	2.1344535	0.0	0.0027471732	0.414	305	tags=81%, list=37%, signal=125%	
POSITIVE REGULATION OF TRANSPORT%GOBP%GO:0051050	POSITIVE REGULATION OF TRANSPORT%GOBP%GO:0051050		45	0.3478099	2.133368	0.0	0.0027510817	0.415	268	tags=60%, list=32%, signal=84%	
CLASS A 1 (RHODOPSIN-LIKE RECEPTORS)%REACTOME DATABASE ID RELEASE 61%373076	CLASS A 1 (RHODOPSIN-LIKE RECEPTORS)%REACTOME DATABASE ID RELEASE 61%373076		19	0.47980142	2.1326447	0.0017301039	0.0027648495	0.418	146	tags=53%, list=18%, signal=62%	
LEUKOCYTE ACTIVATION INVOLVED IN IMMUNE RESPONSE%GOBP%GO:0002366	LEUKOCYTE ACTIVATION INVOLVED IN IMMUNE RESPONSE%GOBP%GO:0002366		29	0.40969804	2.1252146	0.001754386	0.002914027	0.432	280	tags=69%, list=34%, signal=100%	
LEUKOCYTE DEGRANULATION%GOBP%GO:0043299	LEUKOCYTE DEGRANULATION%GOBP%GO:0043299		22	0.4512722	2.120758	0.0034904014	0.003083506	0.452	89	tags=45%, list=11%, signal=50%	
HALLMARK_P53_PATHWAY%MSIGDB_C2%HALLMARK_P53_PATHWAY	HALLMARK_P53_PATHWAY%MSIGDB_C2%HALLMARK_P53_PATHWAY		17	0.51388305	2.1175425	0.0017391305	0.0031153266	0.458	308	tags=88%, list=37%, signal=137%	
SIGNALING BY GPCR%REACTOME%R-HSA-372790.2	SIGNALING BY GPCR%REACTOME%R-HSA-372790.2		44	0.35864764	2.1161656	0.0016583748	0.0031319575	0.463	392	tags=80%, list=47%, signal=143%	
LOCALIZATION OF CELL%GOBP%GO:0051674	LOCALIZATION OF CELL%GOBP%GO:0051674		45	0.34447247	2.1101274	0.0	0.0033084385	0.485	305	tags=64%, list=37%, signal=96%	
CELLULAR RESPONSE TO OXYGEN-CONTAINING COMPOUND%GOBP%GO:1901701	CELLULAR RESPONSE TO OXYGEN-CONTAINING COMPOUND%GOBP%GO:1901701		44	0.34566298	2.1081858	0.0031595577	0.0033642435	0.493	149	tags=41%, list=18%, signal=47%	
CELLULAR RESPONSE TO MOLECULE OF BACTERIAL ORIGIN%GOBP%GO:0071219	CELLULAR RESPONSE TO MOLECULE OF BACTERIAL ORIGIN%GOBP%GO:0071219		17	0.5004781	2.104058	0.0034246575	0.0034146332	0.5	259	tags=76%, list=31%, signal=109%	
PROGRAMMED CELL DEATH%GOBP%GO:0012501	PROGRAMMED CELL DEATH%GOBP%GO:0012501		37	0.3712344	2.1037154	0.0016638935	0.003405828	0.501	299	tags=68%, list=36%, signal=101%	
EXTRACELLULAR MATRIX ORGANIZATION%GOBP%GO:0030198	EXTRACELLULAR MATRIX ORGANIZATION%GOBP%GO:0030198		18	0.4748221	2.1003497	0.005263158	0.0034699647	0.51	300	tags=78%, list=36%, signal=119%	
REGULATION OF PROTEIN METABOLIC PROCESS%GOBP%GO:0051246	REGULATION OF PROTEIN METABOLIC PROCESS%GOBP%GO:0051246		115	0.25832328	2.0961583	0.0014814815	0.003543897	0.52	375	tags=65%, list=45%, signal=102%	
POSITIVE REGULATION OF VASCULATURE DEVELOPMENT%GOBP%GO:1904018	POSITIVE REGULATION OF VASCULATURE DEVELOPMENT%GOBP%GO:1904018		16	0.49646962	2.0940025	0.0	0.0036173204	0.525	102	tags=44%, list=12%, signal=49%	
CELL MOTILITY%GOBP%GO:0048870	CELL MOTILITY%GOBP%GO:0048870		45	0.34447247	2.0884194	0.003241491	0.0037519273	0.539	305	tags=64%, list=37%, signal=96%	
PROTEIN METABOLIC PROCESS%GOBP%GO:0019538	PROTEIN METABOLIC PROCESS%GOBP%GO:0019538		127	0.24482217	2.0779967	0.0014619883	0.0040474157	0.563	312	tags=55%, list=38%, signal=75%	
INTRACELLULAR SIGNAL TRANSDUCTION%GOBP%GO:0035556	INTRACELLULAR SIGNAL TRANSDUCTION%GOBP%GO:0035556		68	0.29994577	2.077699	0.0015197569	0.004040905	0.564	310	tags=60%, list=37%, signal=88%	
MYELOID CELL ACTIVATION INVOLVED IN IMMUNE RESPONSE%GOBP%GO:0002275	MYELOID CELL ACTIVATION INVOLVED IN IMMUNE RESPONSE%GOBP%GO:0002275		23	0.4313049	2.0739458	0.0017482517	0.0041300193	0.575	89	tags=43%, list=11%, signal=47%	
LEUKOCYTE MEDIATED IMMUNITY%GOBP%GO:0002443	LEUKOCYTE MEDIATED IMMUNITY%GOBP%GO:0002443		27	0.40688822	2.0728734	0.0034722222	0.0041371756	0.577	89	tags=41%, list=11%, signal=44%	
NEUTROPHIL ACTIVATION%GOBP%GO:0042119	NEUTROPHIL ACTIVATION%GOBP%GO:0042119		23	0.42929807	2.0695672	0.0016474464	0.004286331	0.591	89	tags=43%, list=11%, signal=47%	
RESPONSE TO GROWTH FACTOR%GOBP%GO:0070848	RESPONSE TO GROWTH FACTOR%GOBP%GO:0070848		25	0.4234667	2.0638168	0.005076142	0.004491875	0.612	374	tags=84%, list=45%, signal=148%	
REGULATION OF LEUKOCYTE PROLIFERATION%GOBP%GO:0070663	REGULATION OF LEUKOCYTE PROLIFERATION%GOBP%GO:0070663		15	0.5270725	2.0559418	0.0	0.0047327694	0.632	269	tags=80%, list=32%, signal=116%	
EXTRACELLULAR STRUCTURE ORGANIZATION%GOBP%GO:0043062	EXTRACELLULAR STRUCTURE ORGANIZATION%GOBP%GO:0043062		18	0.4748221	2.0463467	0.0	0.0050054193	0.662	300	tags=78%, list=36%, signal=119%	
CELLULAR MACROMOLECULE BIOSYNTHETIC PROCESS%GOBP%GO:0034645	CELLULAR MACROMOLECULE BIOSYNTHETIC PROCESS%GOBP%GO:0034645		67	0.29343244	2.0459654	0.0015360983	0.0049954783	0.662	299	tags=58%, list=36%, signal=84%	
MACROMOLECULE BIOSYNTHETIC PROCESS%GOBP%GO:0009059	MACROMOLECULE BIOSYNTHETIC PROCESS%GOBP%GO:0009059		69	0.29165176	2.0427034	0.0	0.005128588	0.672	299	tags=58%, list=36%, signal=83%	
MYELOID LEUKOCYTE MEDIATED IMMUNITY%GOBP%GO:0002444	MYELOID LEUKOCYTE MEDIATED IMMUNITY%GOBP%GO:0002444		24	0.41217613	2.0353603	0.0033333334	0.005294971	0.687	89	tags=42%, list=11%, signal=45%	
GRANULOCYTE ACTIVATION%GOBP%GO:0036230	GRANULOCYTE ACTIVATION%GOBP%GO:0036230		23	0.42929807	2.0348818	0.0	0.005293154	0.69	89	tags=43%, list=11%, signal=47%	
APOPTOTIC PROCESS%GOBP%GO:0006915	APOPTOTIC PROCESS%GOBP%GO:0006915		36	0.36123812	2.030911	0.0	0.005396001	0.698	299	tags=67%, list=36%, signal=100%	
REGULATION OF BODY FLUID LEVELS%GOBP%GO:0050878	REGULATION OF BODY FLUID LEVELS%GOBP%GO:0050878		24	0.41085505	2.0263019	0.006956522	0.0055728247	0.71	140	tags=46%, list=17%, signal=54%	
POSITIVE REGULATION OF PHOSPHATE METABOLIC PROCESS%GOBP%GO:0045937	POSITIVE REGULATION OF PHOSPHATE METABOLIC PROCESS%GOBP%GO:0045937		56	0.30348825	2.0259037	0.0	0.005561235	0.711	232	tags=46%, list=28%, signal=60%	
LYMPHOCYTE ACTIVATION%GOBP%GO:0046649	LYMPHOCYTE ACTIVATION%GOBP%GO:0046649		16	0.49423292	2.0253866	0.008695652	0.0055448487	0.711	386	tags=94%, list=46%, signal=172%	
NEUTROPHIL ACTIVATION INVOLVED IN IMMUNE RESPONSE%GOBP%GO:0002283	NEUTROPHIL ACTIVATION INVOLVED IN IMMUNE RESPONSE%GOBP%GO:0002283		20	0.44171593	2.022557	0.0034482758	0.005623498	0.717	89	tags=45%, list=11%, signal=49%	
NEGATIVE REGULATION OF TRANSPORT%GOBP%GO:0051051	NEGATIVE REGULATION OF TRANSPORT%GOBP%GO:0051051		29	0.38957447	2.0209258	0.0016638935	0.0057099108	0.724	114	tags=38%, list=14%, signal=42%	
REGULATION OF PROTEIN LOCALIZATION%GOBP%GO:0032880	REGULATION OF PROTEIN LOCALIZATION%GOBP%GO:0032880		46	0.33015516	2.015471	0.0016949152	0.0058815046	0.737	357	tags=70%, list=43%, signal=115%	
NEGATIVE REGULATION OF SEQUENCE-SPECIFIC DNA BINDING TRANSCRIPTION FACTOR ACTIVITY%GOBP%GO:0043433	NEGATIVE REGULATION OF SEQUENCE-SPECIFIC DNA BINDING TRANSCRIPTION FACTOR ACTIVITY%GOBP%GO:0043433		15	0.5012467	2.0153322	0.0017271157	0.0058598816	0.737	328	tags=87%, list=39%, signal=141%	
POSITIVE REGULATION OF PROTEIN MODIFICATION PROCESS%GOBP%GO:0031401	POSITIVE REGULATION OF PROTEIN MODIFICATION PROCESS%GOBP%GO:0031401		61	0.29889217	2.0134926	0.0030674846	0.0059098653	0.74	220	tags=44%, list=26%, signal=56%	
POSITIVE REGULATION OF LYMPHOCYTE ACTIVATION%GOBP%GO:0051251	POSITIVE REGULATION OF LYMPHOCYTE ACTIVATION%GOBP%GO:0051251		15	0.5002069	2.0091398	0.0037523452	0.006071222	0.747	372	tags=93%, list=45%, signal=166%	
CELL DEATH%GOBP%GO:0008219	CELL DEATH%GOBP%GO:0008219		39	0.3442458	2.0035753	0.006644518	0.006281976	0.764	299	tags=64%, list=36%, signal=95%	
NEGATIVE REGULATION OF CELL PROLIFERATION%GOBP%GO:0008285	NEGATIVE REGULATION OF CELL PROLIFERATION%GOBP%GO:0008285		31	0.37331736	2.0033128	0.0016977929	0.0062723765	0.765	124	tags=39%, list=15%, signal=44%	
REGULATION OF INTRACELLULAR TRANSPORT%GOBP%GO:0032386	REGULATION OF INTRACELLULAR TRANSPORT%GOBP%GO:0032386		27	0.38559404	1.9963281	0.0018518518	0.006582207	0.785	236	tags=59%, list=28%, signal=80%	
CELLULAR RESPONSE TO GROWTH FACTOR STIMULUS%GOBP%GO:0071363	CELLULAR RESPONSE TO GROWTH FACTOR STIMULUS%GOBP%GO:0071363		24	0.4180671	1.995056	0.008460237	0.0065974765	0.786	374	tags=83%, list=45%, signal=147%	
POSITIVE REGULATION OF CELLULAR PROTEIN LOCALIZATION%GOBP%GO:1903829	POSITIVE REGULATION OF CELLULAR PROTEIN LOCALIZATION%GOBP%GO:1903829		18	0.45453614	1.9926513	0.005291005	0.0066702883	0.791	302	tags=78%, list=36%, signal=120%	
POSITIVE REGULATION OF PHOSPHORUS METABOLIC PROCESS%GOBP%GO:0010562	POSITIVE REGULATION OF PHOSPHORUS METABOLIC PROCESS%GOBP%GO:0010562		56	0.30348825	1.9893807	0.0048	0.0067984182	0.797	232	tags=46%, list=28%, signal=60%	
CARBOHYDRATE DERIVATIVE BIOSYNTHETIC PROCESS%GOBP%GO:1901137	CARBOHYDRATE DERIVATIVE BIOSYNTHETIC PROCESS%GOBP%GO:1901137		30	0.36981985	1.98247	0.009884679	0.007148956	0.809	257	tags=57%, list=31%, signal=79%	
NEUTROPHIL DEGRANULATION%GOBP%GO:0043312	NEUTROPHIL DEGRANULATION%GOBP%GO:0043312		20	0.44171593	1.9814059	0.006849315	0.007187937	0.812	89	tags=45%, list=11%, signal=49%	
REGULATION OF TRANSPORT%GOBP%GO:0051049	REGULATION OF TRANSPORT%GOBP%GO:0051049		84	0.2726423	1.9812607	0.00304414	0.007162538	0.812	240	tags=48%, list=29%, signal=60%	
APOPTOTIC SIGNALING PATHWAY%GOBP%GO:0097190	APOPTOTIC SIGNALING PATHWAY%GOBP%GO:0097190		20	0.42655343	1.9676486	0.003552398	0.0078089354	0.846	328	tags=80%, list=39%, signal=129%	
NEUTROPHIL DEGRANULATION%REACTOME%R-HSA-6798695.2	NEUTROPHIL DEGRANULATION%REACTOME%R-HSA-6798695.2		20	0.441716	1.9648213	0.0070921984	0.007970327	0.852	89	tags=45%, list=11%, signal=49%	
ENZYME LINKED RECEPTOR PROTEIN SIGNALING PATHWAY%GOBP%GO:0007167	ENZYME LINKED RECEPTOR PROTEIN SIGNALING PATHWAY%GOBP%GO:0007167		33	0.36433774	1.9598321	0.0017094017	0.0081931	0.861	383	tags=82%, list=46%, signal=146%	
SIGNALING BY NGF%REACTOME DATABASE ID RELEASE 61%166520	SIGNALING BY NGF%REACTOME DATABASE ID RELEASE 61%166520		24	0.40269184	1.9567132	0.0034246575	0.008350214	0.867	403	tags=88%, list=48%, signal=165%	
CELLULAR RESPONSE TO STRESS%GOBP%GO:0033554	CELLULAR RESPONSE TO STRESS%GOBP%GO:0033554		70	0.27874193	1.949822	0.00466563	0.008744293	0.88	299	tags=56%, list=36%, signal=80%	
POSITIVE REGULATION OF MAPK CASCADE%GOBP%GO:0043410	POSITIVE REGULATION OF MAPK CASCADE%GOBP%GO:0043410		22	0.42205334	1.9373984	0.0053380784	0.009488753	0.892	339	tags=77%, list=41%, signal=127%	
CELLULAR RESPONSE TO LIPID%GOBP%GO:0071396	CELLULAR RESPONSE TO LIPID%GOBP%GO:0071396		23	0.41277295	1.9352105	0.0034722222	0.009594152	0.894	287	tags=70%, list=35%, signal=103%	
GLYCOPROTEIN METABOLIC PROCESS%GOBP%GO:0009100	GLYCOPROTEIN METABOLIC PROCESS%GOBP%GO:0009100		16	0.46817482	1.923599	0.0	0.010341807	0.909	290	tags=75%, list=35%, signal=113%	
GPCR LIGAND BINDING%REACTOME%R-HSA-500792.2	GPCR LIGAND BINDING%REACTOME%R-HSA-500792.2		23	0.40490156	1.9204798	0.0049751243	0.0105285095	0.918	258	tags=61%, list=31%, signal=86%	
REGULATION OF LIPID METABOLIC PROCESS%GOBP%GO:0019216	REGULATION OF LIPID METABOLIC PROCESS%GOBP%GO:0019216		16	0.45642012	1.9149687	0.012820513	0.010845053	0.926	101	tags=44%, list=12%, signal=49%	
POSITIVE REGULATION OF CELL DIFFERENTIATION%GOBP%GO:0045597	POSITIVE REGULATION OF CELL DIFFERENTIATION%GOBP%GO:0045597		33	0.34993443	1.9014413	0.004983389	0.011913729	0.94	275	tags=64%, list=33%, signal=91%	
GPCR DOWNSTREAM SIGNALING%REACTOME%R-HSA-388396.3	GPCR DOWNSTREAM SIGNALING%REACTOME%R-HSA-388396.3		32	0.3479902	1.8802907	0.006666667	0.01350021	0.954	392	tags=78%, list=47%, signal=142%	
HALLMARK_COMPLEMENT%MSIGDB_C2%HALLMARK_COMPLEMENT	HALLMARK_COMPLEMENT%MSIGDB_C2%HALLMARK_COMPLEMENT		23	0.39639434	1.8797808	0.0051020407	0.0135034155	0.955	138	tags=48%, list=17%, signal=56%	
NEUTROPHIL MEDIATED IMMUNITY%GOBP%GO:0002446	NEUTROPHIL MEDIATED IMMUNITY%GOBP%GO:0002446		22	0.400083	1.8738563	0.010752688	0.013987184	0.958	89	tags=41%, list=11%, signal=45%	
CARBOXYLIC ACID BIOSYNTHETIC PROCESS%GOBP%GO:0046394	CARBOXYLIC ACID BIOSYNTHETIC PROCESS%GOBP%GO:0046394		17	0.43780106	1.8650093	0.01010101	0.01489374	0.966	185	tags=53%, list=22%, signal=67%	
DOWNSTREAM SIGNAL TRANSDUCTION%REACTOME DATABASE ID RELEASE 61%186763	DOWNSTREAM SIGNAL TRANSDUCTION%REACTOME DATABASE ID RELEASE 61%186763		22	0.38885167	1.850906	0.014184397	0.016459055	0.98	403	tags=86%, list=48%, signal=163%	
ORGANIC ACID BIOSYNTHETIC PROCESS%GOBP%GO:0016053	ORGANIC ACID BIOSYNTHETIC PROCESS%GOBP%GO:0016053		17	0.43780106	1.8487756	0.0074766357	0.016634835	0.981	185	tags=53%, list=22%, signal=67%	
INTERLEUKIN-17 SIGNALING%REACTOME DATABASE ID RELEASE 61%448424	INTERLEUKIN-17 SIGNALING%REACTOME DATABASE ID RELEASE 61%448424		16	0.43305278	1.8380996	0.014897579	0.01769368	0.984	374	tags=88%, list=45%, signal=156%	
HEMOSTASIS%REACTOME%R-HSA-109582.1	HEMOSTASIS%REACTOME%R-HSA-109582.1		32	0.33974043	1.8347739	0.008116883	0.0179936	0.985	305	tags=66%, list=37%, signal=100%	
CELL ADHESION%GOBP%GO:0007155	CELL ADHESION%GOBP%GO:0007155		30	0.3514662	1.8334668	0.015280136	0.018066172	0.985	378	tags=77%, list=45%, signal=136%	
DEVELOPMENTAL BIOLOGY%REACTOME DATABASE ID RELEASE 61%1266738	DEVELOPMENTAL BIOLOGY%REACTOME DATABASE ID RELEASE 61%1266738		33	0.33579105	1.8314437	0.013793103	0.018234443	0.985	386	tags=79%, list=46%, signal=141%	
NEGATIVE REGULATION OF PROTEIN METABOLIC PROCESS%GOBP%GO:0051248	NEGATIVE REGULATION OF PROTEIN METABOLIC PROCESS%GOBP%GO:0051248		60	0.26634043	1.8293486	0.011128776	0.018421989	0.985	355	tags=65%, list=43%, signal=105%	
REGULATION OF PROTEIN MODIFICATION PROCESS%GOBP%GO:0031399	REGULATION OF PROTEIN MODIFICATION PROCESS%GOBP%GO:0031399		90	0.24174513	1.8273523	0.009478673	0.018567309	0.985	374	tags=63%, list=45%, signal=103%	
REGULATION OF PEPTIDYL-TYROSINE PHOSPHORYLATION%GOBP%GO:0050730	REGULATION OF PEPTIDYL-TYROSINE PHOSPHORYLATION%GOBP%GO:0050730		17	0.42682177	1.8264749	0.0144665465	0.018613335	0.986	372	tags=82%, list=45%, signal=146%	
NGF SIGNALLING VIA TRKA FROM THE PLASMA MEMBRANE%REACTOME%R-HSA-187037.1	NGF SIGNALLING VIA TRKA FROM THE PLASMA MEMBRANE%REACTOME%R-HSA-187037.1		22	0.38843656	1.8254977	0.020547945	0.01869125	0.986	403	tags=86%, list=48%, signal=163%	
RESPONSE TO ENDOGENOUS STIMULUS%GOBP%GO:0009719	RESPONSE TO ENDOGENOUS STIMULUS%GOBP%GO:0009719		50	0.28824857	1.824872	0.009693054	0.01869041	0.986	403	tags=74%, list=48%, signal=135%	
NUCLEOBASE-CONTAINING COMPOUND BIOSYNTHETIC PROCESS%GOBP%GO:0034654	NUCLEOBASE-CONTAINING COMPOUND BIOSYNTHETIC PROCESS%GOBP%GO:0034654		49	0.29280618	1.8227023	0.00792393	0.018905535	0.986	299	tags=57%, list=36%, signal=84%	
DAP12 INTERACTIONS%REACTOME DATABASE ID RELEASE 61%2172127	DAP12 INTERACTIONS%REACTOME DATABASE ID RELEASE 61%2172127		22	0.38832024	1.8201594	0.008944544	0.019089261	0.987	403	tags=86%, list=48%, signal=163%	
NEGATIVE REGULATION OF HYDROLASE ACTIVITY%GOBP%GO:0051346	NEGATIVE REGULATION OF HYDROLASE ACTIVITY%GOBP%GO:0051346		23	0.38421485	1.8164392	0.020168068	0.019480769	0.988	304	tags=70%, list=37%, signal=107%	
DAP12 SIGNALING%REACTOME%R-HSA-2424491.1	DAP12 SIGNALING%REACTOME%R-HSA-2424491.1		22	0.38832024	1.8132914	0.0102739725	0.019828988	0.988	403	tags=86%, list=48%, signal=163%	
SMALL MOLECULE BIOSYNTHETIC PROCESS%GOBP%GO:0044283	SMALL MOLECULE BIOSYNTHETIC PROCESS%GOBP%GO:0044283		24	0.37161246	1.7979038	0.022222223	0.021984505	0.992	185	tags=50%, list=22%, signal=62%	
POSITIVE REGULATION OF CELL DEATH%GOBP%GO:0010942	POSITIVE REGULATION OF CELL DEATH%GOBP%GO:0010942		35	0.31519535	1.7865523	0.012323944	0.023399219	0.994	393	tags=77%, list=47%, signal=140%	
CELLULAR BIOSYNTHETIC PROCESS%GOBP%GO:0044249	CELLULAR BIOSYNTHETIC PROCESS%GOBP%GO:0044249		104	0.22686076	1.7810743	0.014836796	0.024054477	0.996	299	tags=50%, list=36%, signal=68%	
PROTEIN PHOSPHORYLATION%GOBP%GO:0006468	PROTEIN PHOSPHORYLATION%GOBP%GO:0006468		32	0.33249038	1.7802205	0.015306123	0.02410553	0.996	409	tags=81%, list=49%, signal=154%	
NEGATIVE REGULATION OF DEVELOPMENTAL PROCESS%GOBP%GO:0051093	NEGATIVE REGULATION OF DEVELOPMENTAL PROCESS%GOBP%GO:0051093		29	0.33799797	1.7793502	0.013816926	0.024154777	0.996	376	tags=76%, list=45%, signal=134%	
ORGANONITROGEN COMPOUND BIOSYNTHETIC PROCESS%GOBP%GO:1901566	ORGANONITROGEN COMPOUND BIOSYNTHETIC PROCESS%GOBP%GO:1901566		49	0.2733823	1.7782164	0.011764706	0.024227671	0.996	344	tags=61%, list=41%, signal=98%	
REGULATION OF PHOSPHORYLATION%GOBP%GO:0042325	REGULATION OF PHOSPHORYLATION%GOBP%GO:0042325		78	0.24460195	1.7781429	0.019292604	0.02417462	0.996	374	tags=64%, list=45%, signal=106%	
CELLULAR RESPONSE TO ORGANIC CYCLIC COMPOUND%GOBP%GO:0071407	CELLULAR RESPONSE TO ORGANIC CYCLIC COMPOUND%GOBP%GO:0071407		18	0.40606797	1.7762682	0.024561403	0.024341397	0.996	102	tags=39%, list=12%, signal=43%	
CELLULAR NITROGEN COMPOUND BIOSYNTHETIC PROCESS%GOBP%GO:0044271	CELLULAR NITROGEN COMPOUND BIOSYNTHETIC PROCESS%GOBP%GO:0044271		58	0.2679041	1.772696	0.011058452	0.024803467	0.997	328	tags=60%, list=39%, signal=93%	
REGULATION OF HORMONE LEVELS%GOBP%GO:0010817	REGULATION OF HORMONE LEVELS%GOBP%GO:0010817		24	0.36339283	1.7720059	0.020168068	0.02485033	0.997	146	tags=42%, list=18%, signal=49%	
RESPONSE TO ORGANIC CYCLIC COMPOUND%GOBP%GO:0014070	RESPONSE TO ORGANIC CYCLIC COMPOUND%GOBP%GO:0014070		23	0.37840968	1.769384	0.013864818	0.025248468	0.997	209	tags=52%, list=25%, signal=68%	
SIGNALING BY EGFR%REACTOME%R-HSA-177929.1	SIGNALING BY EGFR%REACTOME%R-HSA-177929.1		21	0.38109234	1.7652985	0.010204081	0.025788447	0.997	403	tags=86%, list=48%, signal=162%	
REGULATION OF HEMOPOIESIS%GOBP%GO:1903706	REGULATION OF HEMOPOIESIS%GOBP%GO:1903706		17	0.4246768	1.7617364	0.017301038	0.02629246	0.997	302	tags=76%, list=36%, signal=118%	
REGULATION OF MULTICELLULAR ORGANISMAL PROCESS%GOBP%GO:0051239	REGULATION OF MULTICELLULAR ORGANISMAL PROCESS%GOBP%GO:0051239		139	0.21289113	1.7609428	0.004464286	0.026334079	0.998	253	tags=43%, list=30%, signal=52%	
NEGATIVE REGULATION OF INTRACELLULAR SIGNAL TRANSDUCTION%GOBP%GO:1902532	NEGATIVE REGULATION OF INTRACELLULAR SIGNAL TRANSDUCTION%GOBP%GO:1902532		28	0.3443397	1.7481775	0.026132405	0.028320713	0.999	310	tags=68%, list=37%, signal=105%	
REGULATION OF PROTEIN PHOSPHORYLATION%GOBP%GO:0001932	REGULATION OF PROTEIN PHOSPHORYLATION%GOBP%GO:0001932		76	0.24753919	1.744073	0.010989011	0.028929368	0.999	374	tags=64%, list=45%, signal=107%	
REGULATION OF APOPTOTIC SIGNALING PATHWAY%GOBP%GO:2001233	REGULATION OF APOPTOTIC SIGNALING PATHWAY%GOBP%GO:2001233		24	0.35370764	1.738267	0.026501767	0.02985048	0.999	299	tags=67%, list=36%, signal=101%	
LOCALIZATION%GOBP%GO:0051179	LOCALIZATION%GOBP%GO:0051179		183	0.19440246	1.7321386	0.0071326676	0.03091074	0.999	333	tags=52%, list=40%, signal=68%	
CELL CHEMOTAXIS%GOBP%GO:0060326	CELL CHEMOTAXIS%GOBP%GO:0060326		16	0.41074428	1.7263739	0.02910959	0.03186499	0.999	146	tags=50%, list=18%, signal=59%	
ORGANIC CYCLIC COMPOUND BIOSYNTHETIC PROCESS%GOBP%GO:1901362	ORGANIC CYCLIC COMPOUND BIOSYNTHETIC PROCESS%GOBP%GO:1901362		58	0.2597873	1.724177	0.019704433	0.032136586	0.999	148	tags=33%, list=18%, signal=37%	
CELLULAR RESPONSE TO ENDOGENOUS STIMULUS%GOBP%GO:0071495	CELLULAR RESPONSE TO ENDOGENOUS STIMULUS%GOBP%GO:0071495		48	0.27506003	1.7241644	0.013400335	0.03204037	0.999	403	tags=73%, list=48%, signal=133%	
TOLL-LIKE RECEPTORS CASCADES%REACTOME%R-HSA-168898.3	TOLL-LIKE RECEPTORS CASCADES%REACTOME%R-HSA-168898.3		15	0.42863426	1.7229291	0.015652174	0.03217456	0.999	310	tags=80%, list=37%, signal=125%	
ORGANIC SUBSTANCE BIOSYNTHETIC PROCESS%GOBP%GO:1901576	ORGANIC SUBSTANCE BIOSYNTHETIC PROCESS%GOBP%GO:1901576		107	0.2161752	1.7201504	0.013452915	0.032613732	0.999	299	tags=50%, list=36%, signal=67%	
HETEROCYCLE BIOSYNTHETIC PROCESS%GOBP%GO:0018130	HETEROCYCLE BIOSYNTHETIC PROCESS%GOBP%GO:0018130		52	0.26630518	1.7152778	0.017271157	0.033379093	0.999	299	tags=56%, list=36%, signal=82%	
SIGNALING PATHWAYS%REACTOME DATABASE ID RELEASE 61%162582	SIGNALING PATHWAYS%REACTOME DATABASE ID RELEASE 61%162582		112	0.2103284	1.7131737	0.013493253	0.033645738	0.999	394	tags=65%, list=47%, signal=107%	
REGULATION OF BIOLOGICAL QUALITY%GOBP%GO:0065008	REGULATION OF BIOLOGICAL QUALITY%GOBP%GO:0065008		141	0.2005739	1.7124077	0.007451565	0.033689205	0.999	157	tags=28%, list=19%, signal=29%	
AXON GUIDANCE%REACTOME DATABASE ID RELEASE 61%422475	AXON GUIDANCE%REACTOME DATABASE ID RELEASE 61%422475		23	0.3691977	1.7042193	0.028021015	0.03506846	0.999	386	tags=83%, list=46%, signal=150%	
INFLAMMATION MEDIATED BY CHEMOKINE AND CYTOKINE SIGNALING PATHWAY%PANTHER PATHWAY%P00031	INFLAMMATION MEDIATED BY CHEMOKINE AND CYTOKINE SIGNALING PATHWAY%PANTHER PATHWAY%P00031		24	0.35290402	1.7030872	0.021630615	0.035146542	0.999	193	tags=50%, list=23%, signal=63%	
CARBOHYDRATE METABOLIC PROCESS%GOBP%GO:0005975	CARBOHYDRATE METABOLIC PROCESS%GOBP%GO:0005975		15	0.42180964	1.6983624	0.028021015	0.035995193	0.999	166	tags=53%, list=20%, signal=65%	
BIOSYNTHETIC PROCESS%GOBP%GO:0009058	BIOSYNTHETIC PROCESS%GOBP%GO:0009058		109	0.21414956	1.6883065	0.016442452	0.038004268	1.0	299	tags=50%, list=36%, signal=67%	
SINGLE-ORGANISM TRANSPORT%GOBP%GO:0044765	SINGLE-ORGANISM TRANSPORT%GOBP%GO:0044765		80	0.23225856	1.6861764	0.018779343	0.038370226	1.0	323	tags=58%, list=39%, signal=85%	
NEGATIVE REGULATION OF CELLULAR PROTEIN METABOLIC PROCESS%GOBP%GO:0032269	NEGATIVE REGULATION OF CELLULAR PROTEIN METABOLIC PROCESS%GOBP%GO:0032269		52	0.26553035	1.6861075	0.025806451	0.038280055	1.0	366	tags=67%, list=44%, signal=113%	
NEGATIVE REGULATION OF CELL DIFFERENTIATION%GOBP%GO:0045596	NEGATIVE REGULATION OF CELL DIFFERENTIATION%GOBP%GO:0045596		20	0.3687	1.6815497	0.033101045	0.039186653	1.0	376	tags=80%, list=45%, signal=143%	
REGULATION OF CELLULAR PROTEIN LOCALIZATION%GOBP%GO:1903827	REGULATION OF CELLULAR PROTEIN LOCALIZATION%GOBP%GO:1903827		29	0.31556243	1.6789719	0.024096385	0.0396167	1.0	302	tags=62%, list=36%, signal=94%	
BIOLOGICAL ADHESION%GOBP%GO:0022610	BIOLOGICAL ADHESION%GOBP%GO:0022610		31	0.3170516	1.6768682	0.032871973	0.040025737	1.0	378	tags=74%, list=45%, signal=131%	
CELL PROLIFERATION%GOBP%GO:0008283	CELL PROLIFERATION%GOBP%GO:0008283		32	0.31508592	1.6529104	0.03846154	0.045773048	1.0	256	tags=53%, list=31%, signal=74%	
POSITIVE REGULATION OF PROGRAMMED CELL DEATH%GOBP%GO:0043068	POSITIVE REGULATION OF PROGRAMMED CELL DEATH%GOBP%GO:0043068		32	0.30173403	1.643861	0.03846154	0.04779698	1.0	386	tags=75%, list=46%, signal=135%	
SIGNALING BY PDGF%REACTOME DATABASE ID RELEASE 61%186797	SIGNALING BY PDGF%REACTOME DATABASE ID RELEASE 61%186797		23	0.34094	1.6399565	0.041450776	0.048671566	1.0	403	tags=83%, list=48%, signal=156%	
CELL-CELL ADHESION%GOBP%GO:0098609	CELL-CELL ADHESION%GOBP%GO:0098609		15	0.41096357	1.6340828	0.033568904	0.050118327	1.0	300	tags=73%, list=36%, signal=113%	
POSITIVE REGULATION OF APOPTOTIC PROCESS%GOBP%GO:0043065	POSITIVE REGULATION OF APOPTOTIC PROCESS%GOBP%GO:0043065		32	0.30173403	1.6297415	0.03362832	0.051097397	1.0	386	tags=75%, list=46%, signal=135%	
AP-1 TRANSCRIPTION FACTOR NETWORK%PATHWAY INTERACTION DATABASE NCI-NATURE CURATED DATA%AP-1 TRANSCRIPTION FACTOR NETWORK	AP-1 TRANSCRIPTION FACTOR NETWORK%PATHWAY INTERACTION DATABASE NCI-NATURE CURATED DATA%AP-1 TRANSCRIPTION FACTOR NETWORK		15	0.39828047	1.6282535	0.037701976	0.051339403	1.0	193	tags=60%, list=23%, signal=77%	
GENE EXPRESSION%GOBP%GO:0010467	GENE EXPRESSION%GOBP%GO:0010467		40	0.27824265	1.628111	0.034313727	0.0512257	1.0	321	tags=63%, list=39%, signal=97%	
VASCULATURE DEVELOPMENT%GOBP%GO:0001944	VASCULATURE DEVELOPMENT%GOBP%GO:0001944		25	0.32010937	1.6250013	0.054700855	0.051947523	1.0	446	tags=84%, list=54%, signal=176%	
NEGATIVE REGULATION OF MOLECULAR FUNCTION%GOBP%GO:0044092	NEGATIVE REGULATION OF MOLECULAR FUNCTION%GOBP%GO:0044092		69	0.2306662	1.6246642	0.026645768	0.051883884	1.0	355	tags=61%, list=43%, signal=97%	
PID_AP1_PATHWAY%MSIGDB_C2%PID_AP1_PATHWAY	PID_AP1_PATHWAY%MSIGDB_C2%PID_AP1_PATHWAY		15	0.3982804	1.6111782	0.04621072	0.05569467	1.0	193	tags=60%, list=23%, signal=77%	
MAPK FAMILY SIGNALING CASCADES%REACTOME%R-HSA-5683057.2	MAPK FAMILY SIGNALING CASCADES%REACTOME%R-HSA-5683057.2		17	0.38013864	1.5965701	0.05017301	0.060102664	1.0	374	tags=82%, list=45%, signal=147%	
CELL-CELL SIGNALING%GOBP%GO:0007267	CELL-CELL SIGNALING%GOBP%GO:0007267		36	0.29043737	1.5942144	0.042662118	0.06069621	1.0	229	tags=47%, list=28%, signal=62%	
REGULATION OF PHOSPHORUS METABOLIC PROCESS%GOBP%GO:0051174	REGULATION OF PHOSPHORUS METABOLIC PROCESS%GOBP%GO:0051174		88	0.21067007	1.5771024	0.02388535	0.066198364	1.0	374	tags=61%, list=45%, signal=100%	
BLOOD VESSEL MORPHOGENESIS%GOBP%GO:0048514	BLOOD VESSEL MORPHOGENESIS%GOBP%GO:0048514		22	0.33776933	1.5764688	0.041594453	0.06620053	1.0	250	tags=55%, list=30%, signal=76%	
CARDIOVASCULAR SYSTEM DEVELOPMENT%GOBP%GO:0072358	CARDIOVASCULAR SYSTEM DEVELOPMENT%GOBP%GO:0072358		25	0.32010937	1.5723563	0.055846423	0.06730615	1.0	446	tags=84%, list=54%, signal=176%	
ANGIOGENESIS%GOBP%GO:0001525	ANGIOGENESIS%GOBP%GO:0001525		15	0.39341512	1.5716416	0.050089445	0.067400254	1.0	250	tags=60%, list=30%, signal=84%	
EMBRYONIC MORPHOGENESIS%GOBP%GO:0048598	EMBRYONIC MORPHOGENESIS%GOBP%GO:0048598		18	0.3523144	1.5619715	0.040515654	0.07070267	1.0	302	tags=67%, list=36%, signal=102%	
AROMATIC COMPOUND BIOSYNTHETIC PROCESS%GOBP%GO:0019438	AROMATIC COMPOUND BIOSYNTHETIC PROCESS%GOBP%GO:0019438		55	0.23788206	1.5551889	0.036977492	0.07292336	1.0	148	tags=31%, list=18%, signal=35%	
POSITIVE REGULATION OF SEQUENCE-SPECIFIC DNA BINDING TRANSCRIPTION FACTOR ACTIVITY%GOBP%GO:0051091	POSITIVE REGULATION OF SEQUENCE-SPECIFIC DNA BINDING TRANSCRIPTION FACTOR ACTIVITY%GOBP%GO:0051091		19	0.3552408	1.5507603	0.056140352	0.07441279	1.0	299	tags=68%, list=36%, signal=104%	
TRANSPORT%GOBP%GO:0006810	TRANSPORT%GOBP%GO:0006810		126	0.1895293	1.5504256	0.03259259	0.07434606	1.0	333	tags=54%, list=40%, signal=76%	
REGULATION OF PHOSPHATE METABOLIC PROCESS%GOBP%GO:0019220	REGULATION OF PHOSPHATE METABOLIC PROCESS%GOBP%GO:0019220		87	0.20655541	1.5504041	0.040387724	0.0741582	1.0	374	tags=61%, list=45%, signal=99%	
BLOOD VESSEL DEVELOPMENT%GOBP%GO:0001568	BLOOD VESSEL DEVELOPMENT%GOBP%GO:0001568		24	0.31473324	1.5383712	0.07445008	0.07833261	1.0	446	tags=83%, list=54%, signal=175%	
GASTRIN-CREB SIGNALLING PATHWAY VIA PKC AND MAPK%REACTOME DATABASE ID RELEASE 61%881907	GASTRIN-CREB SIGNALLING PATHWAY VIA PKC AND MAPK%REACTOME DATABASE ID RELEASE 61%881907		17	0.3624108	1.534795	0.05982906	0.07960876	1.0	392	tags=82%, list=47%, signal=153%	
ORGANIC HYDROXY COMPOUND METABOLIC PROCESS%GOBP%GO:1901615	ORGANIC HYDROXY COMPOUND METABOLIC PROCESS%GOBP%GO:1901615		16	0.3723737	1.5319	0.06879195	0.080603294	1.0	181	tags=56%, list=22%, signal=71%	
POSITIVE REGULATION OF KINASE ACTIVITY%GOBP%GO:0033674	POSITIVE REGULATION OF KINASE ACTIVITY%GOBP%GO:0033674		18	0.35172528	1.5313649	0.08103131	0.080603085	1.0	499	tags=94%, list=60%, signal=231%	
ORGANONITROGEN COMPOUND METABOLIC PROCESS%GOBP%GO:1901564	ORGANONITROGEN COMPOUND METABOLIC PROCESS%GOBP%GO:1901564		189	0.1718235	1.531267	0.028064992	0.08042334	1.0	313	tags=48%, list=38%, signal=59%	
IMMUNE SYSTEM DEVELOPMENT%GOBP%GO:0002520	IMMUNE SYSTEM DEVELOPMENT%GOBP%GO:0002520		21	0.33524382	1.528568	0.059964728	0.08123455	1.0	18	tags=19%, list=2%, signal=19%	
SINGLE-MULTICELLULAR ORGANISM PROCESS%GOBP%GO:0044707	SINGLE-MULTICELLULAR ORGANISM PROCESS%GOBP%GO:0044707		197	0.16482998	1.5264915	0.036568213	0.081966415	1.0	269	tags=40%, list=32%, signal=45%	
CELLULAR RESPONSE TO NITROGEN COMPOUND%GOBP%GO:1901699	CELLULAR RESPONSE TO NITROGEN COMPOUND%GOBP%GO:1901699		28	0.28906018	1.5171071	0.06137184	0.085550204	1.0	153	tags=36%, list=18%, signal=42%	
REGULATION OF PROTEIN MODIFICATION BY SMALL PROTEIN CONJUGATION OR REMOVAL%GOBP%GO:1903320	REGULATION OF PROTEIN MODIFICATION BY SMALL PROTEIN CONJUGATION OR REMOVAL%GOBP%GO:1903320		18	0.34650698	1.499549	0.07534247	0.093314625	1.0	174	tags=44%, list=21%, signal=55%	
SINGLE-ORGANISM LOCALIZATION%GOBP%GO:1902578	SINGLE-ORGANISM LOCALIZATION%GOBP%GO:1902578		89	0.19852155	1.4987266	0.05477308	0.09339199	1.0	323	tags=54%, list=39%, signal=79%	
TRANSMEMBRANE RECEPTOR PROTEIN TYROSINE KINASE SIGNALING PATHWAY%GOBP%GO:0007169	TRANSMEMBRANE RECEPTOR PROTEIN TYROSINE KINASE SIGNALING PATHWAY%GOBP%GO:0007169		19	0.32742143	1.4982919	0.07233273	0.09336637	1.0	383	tags=79%, list=46%, signal=143%	
HEMATOPOIETIC OR LYMPHOID ORGAN DEVELOPMENT%GOBP%GO:0048534	HEMATOPOIETIC OR LYMPHOID ORGAN DEVELOPMENT%GOBP%GO:0048534		19	0.33132276	1.485716	0.07692308	0.099001035	1.0	302	tags=63%, list=36%, signal=97%	
DISEASE%REACTOME%R-HSA-1643685.4	DISEASE%REACTOME%R-HSA-1643685.4		19	0.34056932	1.4856763	0.07581227	0.0987452	1.0	416	tags=84%, list=50%, signal=165%	
EMBRYO DEVELOPMENT%GOBP%GO:0009790	EMBRYO DEVELOPMENT%GOBP%GO:0009790		26	0.29383513	1.4684404	0.10252101	0.106915414	1.0	302	tags=62%, list=36%, signal=94%	
POSITIVE REGULATION OF PROTEIN KINASE ACTIVITY%GOBP%GO:0045860	POSITIVE REGULATION OF PROTEIN KINASE ACTIVITY%GOBP%GO:0045860		17	0.348762	1.4674525	0.08994709	0.107121915	1.0	499	tags=94%, list=60%, signal=231%	
WOUND HEALING%GOBP%GO:0042060	WOUND HEALING%GOBP%GO:0042060		17	0.34554106	1.4658991	0.091388404	0.10757454	1.0	138	tags=41%, list=17%, signal=48%	
HEMOPOIESIS%GOBP%GO:0030097	HEMOPOIESIS%GOBP%GO:0030097		17	0.3488612	1.4648672	0.09090909	0.10773518	1.0	300	tags=65%, list=36%, signal=99%	
CELLULAR RESPONSES TO EXTERNAL STIMULI%REACTOME%R-HSA-8953897.2	CELLULAR RESPONSES TO EXTERNAL STIMULI%REACTOME%R-HSA-8953897.2		15	0.3621489	1.4602314	0.07760141	0.10977662	1.0	149	tags=40%, list=18%, signal=48%	
CELLULAR RESPONSES TO STRESS%REACTOME DATABASE ID RELEASE 61%2262752	CELLULAR RESPONSES TO STRESS%REACTOME DATABASE ID RELEASE 61%2262752		15	0.3621489	1.4598494	0.09430605	0.10968488	1.0	149	tags=40%, list=18%, signal=48%	
RESPONSE TO ABIOTIC STIMULUS%GOBP%GO:0009628	RESPONSE TO ABIOTIC STIMULUS%GOBP%GO:0009628		41	0.24286354	1.4578558	0.07785467	0.11029558	1.0	278	tags=51%, list=33%, signal=73%	
RESPONSE TO WOUNDING%GOBP%GO:0009611	RESPONSE TO WOUNDING%GOBP%GO:0009611		21	0.3171329	1.4504702	0.069767445	0.11376989	1.0	138	tags=38%, list=17%, signal=45%	
TNFALPHA%NETPATH%TNFALPHA	TNFALPHA%NETPATH%TNFALPHA		19	0.32732952	1.4355992	0.106343284	0.12174618	1.0	278	tags=63%, list=33%, signal=93%	
GENE EXPRESSION (TRANSCRIPTION)%REACTOME%R-HSA-74160.5	GENE EXPRESSION (TRANSCRIPTION)%REACTOME%R-HSA-74160.5		39	0.24818532	1.430282	0.09570957	0.12428131	1.0	322	tags=59%, list=39%, signal=92%	
SINGLE-ORGANISM BIOSYNTHETIC PROCESS%GOBP%GO:0044711	SINGLE-ORGANISM BIOSYNTHETIC PROCESS%GOBP%GO:0044711		50	0.23103067	1.4238114	0.09828393	0.12760772	1.0	185	tags=36%, list=22%, signal=44%	
NUCLEIC ACID METABOLIC PROCESS%GOBP%GO:0090304	NUCLEIC ACID METABOLIC PROCESS%GOBP%GO:0090304		61	0.20958814	1.4226788	0.07472178	0.12795399	1.0	327	tags=56%, list=39%, signal=85%	
HALLMARK_APOPTOSIS%MSIGDB_C2%HALLMARK_APOPTOSIS	HALLMARK_APOPTOSIS%MSIGDB_C2%HALLMARK_APOPTOSIS		26	0.27293053	1.4042568	0.11881188	0.13873266	1.0	396	tags=73%, list=48%, signal=135%	
G-PROTEIN COUPLED RECEPTOR SIGNALING PATHWAY%GOBP%GO:0007186	G-PROTEIN COUPLED RECEPTOR SIGNALING PATHWAY%GOBP%GO:0007186		29	0.27084696	1.4005616	0.10135135	0.14077187	1.0	85	tags=24%, list=10%, signal=26%	
RESPONSE TO HORMONE%GOBP%GO:0009725	RESPONSE TO HORMONE%GOBP%GO:0009725		22	0.30115068	1.3949519	0.12307692	0.14392321	1.0	383	tags=73%, list=46%, signal=131%	
HALLMARK_GLYCOLYSIS%MSIGDB_C2%HALLMARK_GLYCOLYSIS	HALLMARK_GLYCOLYSIS%MSIGDB_C2%HALLMARK_GLYCOLYSIS		18	0.3159162	1.3832471	0.12589929	0.15073928	1.0	280	tags=61%, list=34%, signal=90%	
POSITIVE REGULATION OF NF-KAPPAB TRANSCRIPTION FACTOR ACTIVITY%GOBP%GO:0051092	POSITIVE REGULATION OF NF-KAPPAB TRANSCRIPTION FACTOR ACTIVITY%GOBP%GO:0051092		17	0.327024	1.3751659	0.12065814	0.15565214	1.0	294	tags=65%, list=35%, signal=98%	
REGULATION OF PROTEIN UBIQUITINATION%GOBP%GO:0031396	REGULATION OF PROTEIN UBIQUITINATION%GOBP%GO:0031396		16	0.3322172	1.3735422	0.125	0.15639727	1.0	174	tags=44%, list=21%, signal=54%	
EGFR1%IOB%EGFR1	EGFR1%IOB%EGFR1		19	0.30678856	1.371171	0.12792793	0.15760504	1.0	386	tags=79%, list=46%, signal=144%	
HOMEOSTATIC PROCESS%GOBP%GO:0042592	HOMEOSTATIC PROCESS%GOBP%GO:0042592		63	0.20002614	1.3537198	0.1295082	0.16893616	1.0	218	tags=37%, list=26%, signal=46%	
RNA POLYMERASE II TRANSCRIPTION%REACTOME%R-HSA-73857.4	RNA POLYMERASE II TRANSCRIPTION%REACTOME%R-HSA-73857.4		38	0.23876736	1.3450289	0.14108527	0.17486288	1.0	322	tags=58%, list=39%, signal=90%	
PROTEIN MODIFICATION BY SMALL PROTEIN CONJUGATION OR REMOVAL%GOBP%GO:0070647	PROTEIN MODIFICATION BY SMALL PROTEIN CONJUGATION OR REMOVAL%GOBP%GO:0070647		28	0.25207087	1.3383657	0.14166667	0.17938219	1.0	100	tags=29%, list=12%, signal=31%	
ORGANIC SUBSTANCE TRANSPORT%GOBP%GO:0071702	ORGANIC SUBSTANCE TRANSPORT%GOBP%GO:0071702		46	0.21603145	1.3361655	0.14141414	0.18055546	1.0	332	tags=61%, list=40%, signal=96%	
ADAPTIVE IMMUNE SYSTEM%REACTOME%R-HSA-1280218.3	ADAPTIVE IMMUNE SYSTEM%REACTOME%R-HSA-1280218.3		39	0.23575667	1.3351092	0.14070351	0.18096265	1.0	403	tags=72%, list=48%, signal=133%	
NUCLEOBASE-CONTAINING COMPOUND METABOLIC PROCESS%GOBP%GO:0006139	NUCLEOBASE-CONTAINING COMPOUND METABOLIC PROCESS%GOBP%GO:0006139		100	0.16822313	1.3248938	0.1399689	0.18830872	1.0	48	tags=13%, list=6%, signal=12%	
RESPONSE TO NITROGEN COMPOUND%GOBP%GO:1901698	RESPONSE TO NITROGEN COMPOUND%GOBP%GO:1901698		38	0.22939278	1.3219622	0.14448053	0.19012184	1.0	403	tags=68%, list=48%, signal=127%	
PROTEOLYSIS%GOBP%GO:0006508	PROTEOLYSIS%GOBP%GO:0006508		37	0.23617224	1.3207861	0.15771812	0.19055967	1.0	100	tags=27%, list=12%, signal=29%	
LIPID BIOSYNTHETIC PROCESS%GOBP%GO:0008610	LIPID BIOSYNTHETIC PROCESS%GOBP%GO:0008610		20	0.28955364	1.3090615	0.18637992	0.19949296	1.0	182	tags=40%, list=22%, signal=50%	
NEGATIVE REGULATION OF PROTEIN PHOSPHORYLATION%GOBP%GO:0001933	NEGATIVE REGULATION OF PROTEIN PHOSPHORYLATION%GOBP%GO:0001933		24	0.2602652	1.2821032	0.17206132	0.22174457	1.0	355	tags=67%, list=43%, signal=113%	
ESTABLISHMENT OF LOCALIZATION%GOBP%GO:0051234	ESTABLISHMENT OF LOCALIZATION%GOBP%GO:0051234		134	0.15289189	1.27857	0.15812592	0.22418159	1.0	333	tags=51%, list=40%, signal=71%	
HALLMARK_KRAS_SIGNALING_DN%MSIGDB_C2%HALLMARK_KRAS_SIGNALING_DN	HALLMARK_KRAS_SIGNALING_DN%MSIGDB_C2%HALLMARK_KRAS_SIGNALING_DN		23	0.26466867	1.2729769	0.17699115	0.22838387	1.0	32	tags=17%, list=4%, signal=18%	
REGULATION OF HYDROLASE ACTIVITY%GOBP%GO:0051336	REGULATION OF HYDROLASE ACTIVITY%GOBP%GO:0051336		42	0.21326697	1.2718077	0.18120806	0.22896324	1.0	155	tags=31%, list=19%, signal=36%	
REGULATION OF MOLECULAR FUNCTION%GOBP%GO:0065009	REGULATION OF MOLECULAR FUNCTION%GOBP%GO:0065009		141	0.15178107	1.2703311	0.16119403	0.22967674	1.0	375	tags=57%, list=45%, signal=86%	
RESPONSE TO INORGANIC SUBSTANCE%GOBP%GO:0010035	RESPONSE TO INORGANIC SUBSTANCE%GOBP%GO:0010035		16	0.30699798	1.2653674	0.18819188	0.23339087	1.0	149	tags=44%, list=18%, signal=52%	
NEGATIVE REGULATION OF PHOSPHORYLATION%GOBP%GO:0042326	NEGATIVE REGULATION OF PHOSPHORYLATION%GOBP%GO:0042326		26	0.25098252	1.2650696	0.206655	0.23312074	1.0	355	tags=65%, list=43%, signal=111%	
NEGATIVE REGULATION OF PHOSPHATE METABOLIC PROCESS%GOBP%GO:0045936	NEGATIVE REGULATION OF PHOSPHATE METABOLIC PROCESS%GOBP%GO:0045936		32	0.23347071	1.2644166	0.18118466	0.23310666	1.0	355	tags=63%, list=43%, signal=105%	
ORGANIC CYCLIC COMPOUND METABOLIC PROCESS%GOBP%GO:1901360	ORGANIC CYCLIC COMPOUND METABOLIC PROCESS%GOBP%GO:1901360		117	0.15537462	1.2624329	0.17787743	0.23422718	1.0	149	tags=24%, list=18%, signal=25%	
NEGATIVE REGULATION OF PHOSPHORUS METABOLIC PROCESS%GOBP%GO:0010563	NEGATIVE REGULATION OF PHOSPHORUS METABOLIC PROCESS%GOBP%GO:0010563		32	0.23347071	1.2624011	0.19965278	0.23369268	1.0	355	tags=63%, list=43%, signal=105%	
GENERIC TRANSCRIPTION PATHWAY%REACTOME%R-HSA-212436.5	GENERIC TRANSCRIPTION PATHWAY%REACTOME%R-HSA-212436.5		36	0.22147366	1.260654	0.19137931	0.23469533	1.0	302	tags=53%, list=36%, signal=79%	
MULTICELLULAR ORGANISM DEVELOPMENT%GOBP%GO:0007275	MULTICELLULAR ORGANISM DEVELOPMENT%GOBP%GO:0007275		160	0.14239651	1.2374223	0.1880597	0.2562572	1.0	302	tags=44%, list=36%, signal=55%	
REGULATION OF PROTEOLYSIS%GOBP%GO:0030162	REGULATION OF PROTEOLYSIS%GOBP%GO:0030162		27	0.23911825	1.2303416	0.20547946	0.26262844	1.0	332	tags=59%, list=40%, signal=95%	
HETEROCYCLE METABOLIC PROCESS%GOBP%GO:0046483	HETEROCYCLE METABOLIC PROCESS%GOBP%GO:0046483		105	0.15656343	1.2242761	0.20637329	0.26810306	1.0	48	tags=12%, list=6%, signal=11%	
NEGATIVE REGULATION OF PROTEIN MODIFICATION PROCESS%GOBP%GO:0031400	NEGATIVE REGULATION OF PROTEIN MODIFICATION PROCESS%GOBP%GO:0031400		36	0.21561244	1.1974839	0.25383306	0.2947922	1.0	355	tags=61%, list=43%, signal=102%	
REGULATION OF CELLULAR LOCALIZATION%GOBP%GO:0060341	REGULATION OF CELLULAR LOCALIZATION%GOBP%GO:0060341		48	0.18668143	1.1845613	0.25528455	0.30809435	1.0	236	tags=40%, list=28%, signal=52%	
CELLULAR RESPONSE TO HORMONE STIMULUS%GOBP%GO:0032870	CELLULAR RESPONSE TO HORMONE STIMULUS%GOBP%GO:0032870		20	0.27103162	1.1759002	0.26617375	0.3167617	1.0	383	tags=70%, list=46%, signal=127%	
CELLULAR AROMATIC COMPOUND METABOLIC PROCESS%GOBP%GO:0006725	CELLULAR AROMATIC COMPOUND METABOLIC PROCESS%GOBP%GO:0006725		113	0.14266141	1.1586584	0.24962178	0.33529148	1.0	48	tags=12%, list=6%, signal=11%	
SINGLE-ORGANISM DEVELOPMENTAL PROCESS%GOBP%GO:0044767	SINGLE-ORGANISM DEVELOPMENTAL PROCESS%GOBP%GO:0044767		179	0.12994216	1.1536641	0.23977433	0.3402157	1.0	302	tags=42%, list=36%, signal=52%	
FATTY ACID METABOLIC PROCESS%GOBP%GO:0006631	FATTY ACID METABOLIC PROCESS%GOBP%GO:0006631		20	0.24795073	1.1501137	0.2846975	0.34367603	1.0	182	tags=35%, list=22%, signal=44%	
SMALL MOLECULE METABOLIC PROCESS%GOBP%GO:0044281	SMALL MOLECULE METABOLIC PROCESS%GOBP%GO:0044281		88	0.15155287	1.1420795	0.30326593	0.35242975	1.0	186	tags=28%, list=22%, signal=33%	
DEVELOPMENTAL PROCESS%GOBP%GO:0032502	DEVELOPMENTAL PROCESS%GOBP%GO:0032502		185	0.12579799	1.1294324	0.29691878	0.36685175	1.0	302	tags=42%, list=36%, signal=51%	
ORGANOPHOSPHATE BIOSYNTHETIC PROCESS%GOBP%GO:0090407	ORGANOPHOSPHATE BIOSYNTHETIC PROCESS%GOBP%GO:0090407		20	0.24615142	1.1280342	0.30381945	0.3675732	1.0	181	tags=35%, list=22%, signal=44%	
MOVEMENT OF CELL OR SUBCELLULAR COMPONENT%GOBP%GO:0006928	MOVEMENT OF CELL OR SUBCELLULAR COMPONENT%GOBP%GO:0006928		73	0.1535217	1.1228325	0.29787233	0.3731079	1.0	227	tags=37%, list=27%, signal=46%	
PEPTIDE TRANSPORT%GOBP%GO:0015833	PEPTIDE TRANSPORT%GOBP%GO:0015833		21	0.23620285	1.1105264	0.3053173	0.38765633	1.0	332	tags=67%, list=40%, signal=108%	
EGFR1%NETPATH%EGFR1	EGFR1%NETPATH%EGFR1		20	0.25286928	1.1054717	0.33449477	0.39294392	1.0	386	tags=75%, list=46%, signal=137%	
CARBOHYDRATE DERIVATIVE METABOLIC PROCESS%GOBP%GO:1901135	CARBOHYDRATE DERIVATIVE METABOLIC PROCESS%GOBP%GO:1901135		60	0.15902355	1.1028047	0.35096154	0.39538178	1.0	147	tags=23%, list=18%, signal=26%	
SINGLE-ORGANISM METABOLIC PROCESS%GOBP%GO:0044710	SINGLE-ORGANISM METABOLIC PROCESS%GOBP%GO:0044710		137	0.12887765	1.1002014	0.32111436	0.39777365	1.0	186	tags=26%, list=22%, signal=28%	
CELLULAR NITROGEN COMPOUND METABOLIC PROCESS%GOBP%GO:0034641	CELLULAR NITROGEN COMPOUND METABOLIC PROCESS%GOBP%GO:0034641		117	0.13608569	1.0934241	0.346875	0.40569717	1.0	48	tags=11%, list=6%, signal=10%	
MULTI-ORGANISM REPRODUCTIVE PROCESS%GOBP%GO:0044703	MULTI-ORGANISM REPRODUCTIVE PROCESS%GOBP%GO:0044703		15	0.27441332	1.0857393	0.34982333	0.4147703	1.0	256	tags=53%, list=31%, signal=76%	
ANATOMICAL STRUCTURE DEVELOPMENT%GOBP%GO:0048856	ANATOMICAL STRUCTURE DEVELOPMENT%GOBP%GO:0048856		181	0.12213659	1.0807339	0.3592233	0.42022565	1.0	302	tags=42%, list=36%, signal=52%	
REGULATION OF PLASMA MEMBRANE BOUNDED CELL PROJECTION ORGANIZATION%GOBP%GO:0120035	REGULATION OF PLASMA MEMBRANE BOUNDED CELL PROJECTION ORGANIZATION%GOBP%GO:0120035		17	0.25632638	1.076121	0.36545455	0.4253006	1.0	374	tags=71%, list=45%, signal=126%	
MITOCHONDRION ORGANIZATION%GOBP%GO:0007005	MITOCHONDRION ORGANIZATION%GOBP%GO:0007005		21	0.22941883	1.0752046	0.3651877	0.42562485	1.0	40	tags=14%, list=5%, signal=15%	
CARBOXYLIC ACID METABOLIC PROCESS%GOBP%GO:0019752	CARBOXYLIC ACID METABOLIC PROCESS%GOBP%GO:0019752		42	0.18016703	1.0717715	0.36605656	0.42922875	1.0	185	tags=31%, list=22%, signal=38%	
POSITIVE REGULATION OF CATABOLIC PROCESS%GOBP%GO:0009896	POSITIVE REGULATION OF CATABOLIC PROCESS%GOBP%GO:0009896		17	0.24843821	1.0632174	0.37030718	0.4398077	1.0	48	tags=18%, list=6%, signal=18%	
SINGLE ORGANISM REPRODUCTIVE PROCESS%GOBP%GO:0044702	SINGLE ORGANISM REPRODUCTIVE PROCESS%GOBP%GO:0044702		18	0.24077879	1.0582336	0.35977858	0.44549876	1.0	268	tags=50%, list=32%, signal=72%	
REPRODUCTIVE PROCESS%GOBP%GO:0022414	REPRODUCTIVE PROCESS%GOBP%GO:0022414		25	0.208903	1.0509629	0.40378007	0.45410505	1.0	268	tags=48%, list=32%, signal=69%	
NITROGEN COMPOUND TRANSPORT%GOBP%GO:0071705	NITROGEN COMPOUND TRANSPORT%GOBP%GO:0071705		27	0.20756695	1.0445185	0.4020979	0.46157068	1.0	351	tags=67%, list=42%, signal=112%	
REPRODUCTION%GOBP%GO:0000003	REPRODUCTION%GOBP%GO:0000003		25	0.208903	1.0435321	0.3886097	0.4618448	1.0	268	tags=48%, list=32%, signal=69%	
REGULATION OF HOMEOSTATIC PROCESS%GOBP%GO:0032844	REGULATION OF HOMEOSTATIC PROCESS%GOBP%GO:0032844		32	0.18608892	1.0307841	0.40439934	0.4779063	1.0	164	tags=28%, list=20%, signal=34%	
MONOCARBOXYLIC ACID METABOLIC PROCESS%GOBP%GO:0032787	MONOCARBOXYLIC ACID METABOLIC PROCESS%GOBP%GO:0032787		27	0.20263812	1.0302896	0.3938849	0.4775195	1.0	182	tags=33%, list=22%, signal=41%	
CELLULAR DEVELOPMENTAL PROCESS%GOBP%GO:0048869	CELLULAR DEVELOPMENTAL PROCESS%GOBP%GO:0048869		101	0.12983562	1.0144017	0.44207317	0.49823478	1.0	85	tags=15%, list=10%, signal=15%	
EPITHELIUM DEVELOPMENT%GOBP%GO:0060429	EPITHELIUM DEVELOPMENT%GOBP%GO:0060429		29	0.19329599	1.0131689	0.42832765	0.49892342	1.0	642	tags=97%, list=77%, signal=410%	
MACROMOLECULE LOCALIZATION%GOBP%GO:0033036	MACROMOLECULE LOCALIZATION%GOBP%GO:0033036		55	0.15479265	1.0044948	0.45297804	0.51010627	1.0	374	tags=60%, list=45%, signal=102%	
REGULATION OF CELL PROJECTION ORGANIZATION%GOBP%GO:0031344	REGULATION OF CELL PROJECTION ORGANIZATION%GOBP%GO:0031344		18	0.22443426	0.9968135	0.44827586	0.51976144	1.0	374	tags=67%, list=45%, signal=119%	
POSITIVE REGULATION OF TRANSFERASE ACTIVITY%GOBP%GO:0051347	POSITIVE REGULATION OF TRANSFERASE ACTIVITY%GOBP%GO:0051347		28	0.19393486	0.9899546	0.4637437	0.5283437	1.0	523	tags=82%, list=63%, signal=214%	
OXOACID METABOLIC PROCESS%GOBP%GO:0043436	OXOACID METABOLIC PROCESS%GOBP%GO:0043436		44	0.16577041	0.98808575	0.48440066	0.5298042	1.0	185	tags=30%, list=22%, signal=36%	
CELLULAR RESPONSE TO PEPTIDE%GOBP%GO:1901653	CELLULAR RESPONSE TO PEPTIDE%GOBP%GO:1901653		16	0.2369708	0.98675054	0.48347825	0.53044754	1.0	146	tags=31%, list=18%, signal=37%	
METABOLISM OF LIPIDS%REACTOME DATABASE ID RELEASE 61%556833	METABOLISM OF LIPIDS%REACTOME DATABASE ID RELEASE 61%556833		34	0.17947608	0.9866713	0.46515396	0.5293861	1.0	182	tags=29%, list=22%, signal=36%	
PROTEIN LOCALIZATION%GOBP%GO:0008104	PROTEIN LOCALIZATION%GOBP%GO:0008104		44	0.16066319	0.98362494	0.4723618	0.532583	1.0	374	tags=61%, list=45%, signal=106%	
NEGATIVE REGULATION OF BINDING%GOBP%GO:0051100	NEGATIVE REGULATION OF BINDING%GOBP%GO:0051100		15	0.24165185	0.98249114	0.4787234	0.5330447	1.0	375	tags=67%, list=45%, signal=119%	
NEGATIVE REGULATION OF CATALYTIC ACTIVITY%GOBP%GO:0043086	NEGATIVE REGULATION OF CATALYTIC ACTIVITY%GOBP%GO:0043086		44	0.16577527	0.97837555	0.49519232	0.5377815	1.0	366	tags=57%, list=44%, signal=96%	
AMIDE TRANSPORT%GOBP%GO:0042886	AMIDE TRANSPORT%GOBP%GO:0042886		22	0.20633303	0.974484	0.47569445	0.54225224	1.0	332	tags=64%, list=40%, signal=103%	
REGULATION OF CELLULAR RESPONSE TO STRESS%GOBP%GO:0080135	REGULATION OF CELLULAR RESPONSE TO STRESS%GOBP%GO:0080135		33	0.1785644	0.9678605	0.4827586	0.5504397	1.0	344	tags=55%, list=41%, signal=89%	
ORGANIC ACID METABOLIC PROCESS%GOBP%GO:0006082	ORGANIC ACID METABOLIC PROCESS%GOBP%GO:0006082		45	0.15869342	0.9644415	0.47524753	0.5539798	1.0	185	tags=29%, list=22%, signal=35%	
COENZYME METABOLIC PROCESS%GOBP%GO:0006732	COENZYME METABOLIC PROCESS%GOBP%GO:0006732		21	0.20700568	0.95147747	0.5052817	0.57140213	1.0	148	tags=29%, list=18%, signal=34%	
REGULATION OF PROTEIN SERINE/THREONINE KINASE ACTIVITY%GOBP%GO:0071900	REGULATION OF PROTEIN SERINE/THREONINE KINASE ACTIVITY%GOBP%GO:0071900		24	0.19577059	0.9494335	0.49914238	0.5730882	1.0	344	tags=58%, list=41%, signal=97%	
CHEMICAL HOMEOSTASIS%GOBP%GO:0048878	CHEMICAL HOMEOSTASIS%GOBP%GO:0048878		44	0.15775453	0.9484845	0.5114379	0.5731845	1.0	65	tags=14%, list=8%, signal=14%	
POSITIVE REGULATION OF MOLECULAR FUNCTION%GOBP%GO:0044093	POSITIVE REGULATION OF MOLECULAR FUNCTION%GOBP%GO:0044093		72	0.13404647	0.93045676	0.5684713	0.5979412	1.0	344	tags=51%, list=41%, signal=80%	
PROTEIN COMPLEX ASSEMBLY%GOBP%GO:0006461	PROTEIN COMPLEX ASSEMBLY%GOBP%GO:0006461		46	0.15023442	0.92833936	0.5695581	0.5996192	1.0	88	tags=15%, list=11%, signal=16%	
REGULATION OF PROTEIN CATABOLIC PROCESS%GOBP%GO:0042176	REGULATION OF PROTEIN CATABOLIC PROCESS%GOBP%GO:0042176		16	0.22348286	0.9256774	0.5109983	0.60222155	1.0	18	tags=13%, list=2%, signal=13%	
PROTEIN COMPLEX SUBUNIT ORGANIZATION%GOBP%GO:0071822	PROTEIN COMPLEX SUBUNIT ORGANIZATION%GOBP%GO:0071822		54	0.14623374	0.9224988	0.56650245	0.60534734	1.0	102	tags=17%, list=12%, signal=18%	
CELL DIFFERENTIATION%GOBP%GO:0030154	CELL DIFFERENTIATION%GOBP%GO:0030154		100	0.120177045	0.92160773	0.5657492	0.6053115	1.0	65	tags=12%, list=8%, signal=11%	
PROTEIN COMPLEX BIOGENESIS%GOBP%GO:0070271	PROTEIN COMPLEX BIOGENESIS%GOBP%GO:0070271		46	0.15023442	0.9145849	0.5714286	0.61408395	1.0	88	tags=15%, list=11%, signal=16%	
REGULATION OF CATALYTIC ACTIVITY%GOBP%GO:0050790	REGULATION OF CATALYTIC ACTIVITY%GOBP%GO:0050790		91	0.120614946	0.907511	0.6034483	0.62310743	1.0	374	tags=54%, list=45%, signal=87%	
PROTEIN LOCALIZATION TO ORGANELLE%GOBP%GO:0033365	PROTEIN LOCALIZATION TO ORGANELLE%GOBP%GO:0033365		15	0.22290489	0.8977643	0.60583943	0.63603485	1.0	322	tags=60%, list=39%, signal=96%	
PROTEIN TRANSPORT%GOBP%GO:0015031	PROTEIN TRANSPORT%GOBP%GO:0015031		19	0.1970468	0.8966896	0.5752688	0.63623744	1.0	332	tags=63%, list=40%, signal=103%	
PHOSPHATE-CONTAINING COMPOUND METABOLIC PROCESS%GOBP%GO:0006796	PHOSPHATE-CONTAINING COMPOUND METABOLIC PROCESS%GOBP%GO:0006796		84	0.12045552	0.89343077	0.6238671	0.6394731	1.0	255	tags=36%, list=31%, signal=46%	
RESPONSE TO PEPTIDE%GOBP%GO:1901652	RESPONSE TO PEPTIDE%GOBP%GO:1901652		17	0.21323842	0.89288735	0.5764273	0.6389427	1.0	146	tags=29%, list=18%, signal=35%	
FATTY ACID METABOLISM%REACTOME%R-HSA-8978868.2	FATTY ACID METABOLISM%REACTOME%R-HSA-8978868.2		16	0.21403791	0.87920195	0.6172414	0.6581164	1.0	182	tags=31%, list=22%, signal=39%	
PHOSPHORUS METABOLIC PROCESS%GOBP%GO:0006793	PHOSPHORUS METABOLIC PROCESS%GOBP%GO:0006793		91	0.11393435	0.8764241	0.63893247	0.6608111	1.0	155	tags=22%, list=19%, signal=24%	
PEPTIDYL-AMINO ACID MODIFICATION%GOBP%GO:0018193	PEPTIDYL-AMINO ACID MODIFICATION%GOBP%GO:0018193		21	0.19177651	0.8714318	0.62298024	0.66672057	1.0	257	tags=48%, list=31%, signal=67%	
POST-TRANSLATIONAL PROTEIN MODIFICATION%REACTOME DATABASE ID RELEASE 61%597592	POST-TRANSLATIONAL PROTEIN MODIFICATION%REACTOME DATABASE ID RELEASE 61%597592		49	0.13438581	0.8511667	0.61300814	0.6940608	1.0	100	tags=18%, list=12%, signal=20%	
COFACTOR METABOLIC PROCESS%GOBP%GO:0051186	COFACTOR METABOLIC PROCESS%GOBP%GO:0051186		22	0.17877722	0.8200919	0.66952056	0.73647565	1.0	148	tags=27%, list=18%, signal=32%	
POSITIVE REGULATION OF CELLULAR COMPONENT ORGANIZATION%GOBP%GO:0051130	POSITIVE REGULATION OF CELLULAR COMPONENT ORGANIZATION%GOBP%GO:0051130		44	0.13556801	0.8121442	0.700491	0.7460384	1.0	232	tags=36%, list=28%, signal=48%	
SINGLE-ORGANISM MEMBRANE ORGANIZATION%GOBP%GO:0044802	SINGLE-ORGANISM MEMBRANE ORGANIZATION%GOBP%GO:0044802		21	0.17079376	0.7998144	0.7021661	0.76175874	1.0	16	tags=10%, list=2%, signal=9%	
METABOLISM OF PROTEINS%REACTOME%R-HSA-392499.4	METABOLISM OF PROTEINS%REACTOME%R-HSA-392499.4		74	0.11251218	0.79978794	0.74503815	0.7602369	1.0	357	tags=51%, list=43%, signal=82%	
ESTABLISHMENT OF PROTEIN LOCALIZATION%GOBP%GO:0045184	ESTABLISHMENT OF PROTEIN LOCALIZATION%GOBP%GO:0045184		22	0.16796704	0.7983498	0.7205882	0.7605591	1.0	332	tags=59%, list=40%, signal=96%	
SYSTEM DEVELOPMENT%GOBP%GO:0048731	SYSTEM DEVELOPMENT%GOBP%GO:0048731		136	0.095291354	0.78616744	0.7653061	0.7752488	1.0	250	tags=33%, list=30%, signal=40%	
HALLMARK_ESTROGEN_RESPONSE_LATE%MSIGDB_C2%HALLMARK_ESTROGEN_RESPONSE_LATE	HALLMARK_ESTROGEN_RESPONSE_LATE%MSIGDB_C2%HALLMARK_ESTROGEN_RESPONSE_LATE		23	0.16450846	0.77973115	0.7369338	0.78232455	1.0	305	tags=52%, list=37%, signal=80%	
ORGANOPHOSPHATE METABOLIC PROCESS%GOBP%GO:0019637	ORGANOPHOSPHATE METABOLIC PROCESS%GOBP%GO:0019637		48	0.12393442	0.77887	0.7590164	0.7818709	1.0	151	tags=23%, list=18%, signal=26%	
REGULATION OF KINASE ACTIVITY%GOBP%GO:0043549	REGULATION OF KINASE ACTIVITY%GOBP%GO:0043549		38	0.13595536	0.7639907	0.75174826	0.8001523	1.0	468	tags=71%, list=56%, signal=155%	
LIPID METABOLIC PROCESS%GOBP%GO:0006629	LIPID METABOLIC PROCESS%GOBP%GO:0006629		40	0.1314862	0.76263994	0.75792986	0.8002503	1.0	182	tags=28%, list=22%, signal=34%	
REGULATION OF CATABOLIC PROCESS%GOBP%GO:0009894	REGULATION OF CATABOLIC PROCESS%GOBP%GO:0009894		24	0.15718496	0.76218534	0.7573657	0.7991582	1.0	85	tags=17%, list=10%, signal=18%	
CELLULAR MACROMOLECULE LOCALIZATION%GOBP%GO:0070727	CELLULAR MACROMOLECULE LOCALIZATION%GOBP%GO:0070727		28	0.1419017	0.74237704	0.80427045	0.8225052	1.0	420	tags=68%, list=51%, signal=133%	
CELLULAR LIPID METABOLIC PROCESS%GOBP%GO:0044255	CELLULAR LIPID METABOLIC PROCESS%GOBP%GO:0044255		37	0.12821689	0.7385391	0.7763371	0.82558084	1.0	182	tags=27%, list=22%, signal=33%	
INTRACELLULAR TRANSPORT%GOBP%GO:0046907	INTRACELLULAR TRANSPORT%GOBP%GO:0046907		30	0.13630034	0.73659223	0.79159665	0.82624036	1.0	386	tags=60%, list=46%, signal=108%	
RESPONSE TO ORGANONITROGEN COMPOUND%GOBP%GO:0010243	RESPONSE TO ORGANONITROGEN COMPOUND%GOBP%GO:0010243		31	0.13628553	0.7357764	0.7893864	0.82562137	1.0	403	tags=61%, list=48%, signal=115%	
CELLULAR PROTEIN LOCALIZATION%GOBP%GO:0034613	CELLULAR PROTEIN LOCALIZATION%GOBP%GO:0034613		28	0.1419017	0.7250031	0.8174061	0.8368895	1.0	420	tags=68%, list=51%, signal=133%	
REGULATION OF PROTEIN KINASE ACTIVITY%GOBP%GO:0045859	REGULATION OF PROTEIN KINASE ACTIVITY%GOBP%GO:0045859		36	0.12412461	0.71840286	0.8178862	0.84282744	1.0	409	tags=61%, list=49%, signal=115%	
PHOSPHORYLATION%GOBP%GO:0016310	PHOSPHORYLATION%GOBP%GO:0016310		50	0.11173064	0.7163251	0.8196721	0.8435473	1.0	413	tags=60%, list=50%, signal=112%	
POSITIVE REGULATION OF CELLULAR CATABOLIC PROCESS%GOBP%GO:0031331	POSITIVE REGULATION OF CELLULAR CATABOLIC PROCESS%GOBP%GO:0031331		15	0.17608657	0.70972407	0.8107639	0.8495014	1.0	48	tags=13%, list=6%, signal=14%	
TRANSCRIPTIONAL REGULATION BY TP53%REACTOME%R-HSA-3700989.5	TRANSCRIPTIONAL REGULATION BY TP53%REACTOME%R-HSA-3700989.5		18	0.16455975	0.70792776	0.8079585	0.8497503	1.0	297	tags=50%, list=36%, signal=76%	
CELLULAR RESPONSE TO DNA DAMAGE STIMULUS%GOBP%GO:0006974	CELLULAR RESPONSE TO DNA DAMAGE STIMULUS%GOBP%GO:0006974		35	0.12581046	0.7005417	0.8278261	0.8563525	1.0	74	tags=14%, list=9%, signal=15%	
REGULATION OF CELLULAR COMPONENT BIOGENESIS%GOBP%GO:0044087	REGULATION OF CELLULAR COMPONENT BIOGENESIS%GOBP%GO:0044087		33	0.122932106	0.6822693	0.8534923	0.87412757	1.0	415	tags=64%, list=50%, signal=122%	
MEMBRANE ORGANIZATION%GOBP%GO:0061024	MEMBRANE ORGANIZATION%GOBP%GO:0061024		27	0.1343177	0.68109846	0.8347386	0.87360805	1.0	16	tags=7%, list=2%, signal=7%	
EPITHELIAL CELL DIFFERENTIATION%GOBP%GO:0030855	EPITHELIAL CELL DIFFERENTIATION%GOBP%GO:0030855		16	0.15862584	0.6554911	0.875	0.89781463	1.0	642	tags=94%, list=77%, signal=404%	
NEURON DIFFERENTIATION%GOBP%GO:0030182	NEURON DIFFERENTIATION%GOBP%GO:0030182		21	0.1412683	0.6535974	0.87609076	0.89784104	1.0	586	tags=90%, list=71%, signal=299%	
CELLULAR RESPONSE TO ORGANONITROGEN COMPOUND%GOBP%GO:0071417	CELLULAR RESPONSE TO ORGANONITROGEN COMPOUND%GOBP%GO:0071417		23	0.13483568	0.65079117	0.884808	0.89860547	1.0	403	tags=61%, list=48%, signal=115%	
REGULATION OF BINDING%GOBP%GO:0051098	REGULATION OF BINDING%GOBP%GO:0051098		25	0.12601249	0.63015693	0.9049296	0.9152906	1.0	375	tags=56%, list=45%, signal=99%	
CELLULAR MACROMOLECULE CATABOLIC PROCESS%GOBP%GO:0044265	CELLULAR MACROMOLECULE CATABOLIC PROCESS%GOBP%GO:0044265		26	0.12674753	0.6241047	0.890625	0.9186439	1.0	48	tags=12%, list=6%, signal=12%	
METABOLISM%REACTOME%R-HSA-1430728.8	METABOLISM%REACTOME%R-HSA-1430728.8		93	0.07943421	0.60545766	0.9293233	0.93196696	1.0	50	tags=8%, list=6%, signal=7%	
CENTRAL NERVOUS SYSTEM DEVELOPMENT%GOBP%GO:0007417	CENTRAL NERVOUS SYSTEM DEVELOPMENT%GOBP%GO:0007417		17	0.13334355	0.5629797	0.9499106	0.95858276	1.0	598	tags=88%, list=72%, signal=308%	
MACROMOLECULE CATABOLIC PROCESS%GOBP%GO:0009057	MACROMOLECULE CATABOLIC PROCESS%GOBP%GO:0009057		30	0.100923516	0.5327973	0.96907216	0.972126	1.0	48	tags=10%, list=6%, signal=10%	
POSITIVE REGULATION OF CATALYTIC ACTIVITY%GOBP%GO:0043085	POSITIVE REGULATION OF CATALYTIC ACTIVITY%GOBP%GO:0043085		49	0.08480698	0.52812445	0.9681529	0.97238356	1.0	220	tags=29%, list=26%, signal=37%	
REGULATION OF CELLULAR CATABOLIC PROCESS%GOBP%GO:0031329	REGULATION OF CELLULAR CATABOLIC PROCESS%GOBP%GO:0031329		21	0.11240929	0.5058792	0.97342193	0.97928405	1.0	85	tags=14%, list=10%, signal=16%	
REGULATION OF TRANSFERASE ACTIVITY%GOBP%GO:0051338	REGULATION OF TRANSFERASE ACTIVITY%GOBP%GO:0051338		48	0.08173703	0.5017232	0.9719008	0.9788294	1.0	766	tags=100%, list=92%, signal=1205%	
